#CHROM	POS	CONTEXT	Watson-METH	Watson-COVERAGE	Watson-QUAL	Crick-METH	Crick-COVERAGE	Crick-QUAL
chr1	39558940	CG	52	61	34	75	98	33
chr1	39558960	CG	48	70	32	93	116	33
chr1	39558984	CG	100	115	33	138	188	33
chr1	39559036	CG	141	187	33	165	260	33
chr1	39559103	CG	230	325	33	185	263	33
chr1	39559199	CG	215	310	33	189	339	33
chr1	39559221	CG	204	297	34	194	349	33
chr1	39559230	CG	204	301	33	195	360	33
chr1	39559261	CG	162	260	33	167	307	33
chr1	39559276	CG	151	256	33	175	305	33
chr1	39559299	CG	123	235	33	139	273	33
chr1	39559318	CG	142	244	33	157	287	33
chr1	39559383	CG	160	314	33	168	317	33
chr1	39559387	CG	173	331	33	172	317	33
chr1	39559401	CG	168	315	33	169	299	33
chr1	39559406	CG	169	331	33	176	313	33
chr1	39559417	CG	178	340	33	190	310	33
chr1	39559498	CG	225	384	33	257	426	33
chr1	39559504	CG	243	399	33	273	463	33
chr1	39559537	CG	232	371	33	219	391	33
chr1	39559553	CG	267	422	33	231	407	33
chr1	39559560	CG	255	404	33	221	405	33
chr1	39559602	CG	205	328	33	263	486	33
chr1	39559650	CG	187	324	33	210	373	33
chr1	39559653	CG	188	326	33	225	379	33
chr1	39559657	CG	182	319	33	219	375	33
chr1	39559674	CG	158	288	33	193	343	33
chr1	39559680	CG	140	258	33	196	343	33
chr1	39559683	CG	150	268	33	191	351	33
chr1	39559691	CG	144	258	33	198	347	33
chr1	39559696	CG	132	246	33	185	330	33
chr1	39559712	CG	121	221	33	142	271	33
chr1	39559739	CG	123	220	33	123	207	33
chr1	39559743	CG	113	218	33	125	236	33
chr1	39559811	CG	42	60	33	46	82	33
chr1	39559819	CG	51	69	33	73	82	33
chr1	39559827	CG	56	69	34	78	89	34
chr1	39559849	CG	74	87	33	80	94	34
chr1	39559851	CG	69	82	33	75	85	34
chr1	39559857	CG	61	80	33	67	82	34
chr1	39559874	CG	57	68	33	66	69	33
chr1	39559889	CG	40	54	34	46	49	33
chr1	68046745	CG	63	68	33	52	67	33
chr1	68046772	CG	88	91	33	80	85	34
chr1	68046788	CG	79	102	34	77	109	33
chr1	68046822	CG	75	131	33	89	157	33
chr1	68046856	CG	93	242	33	95	211	33
chr1	68046961	CG	216	372	33	185	327	33
chr1	68046967	CG	220	372	33	197	332	33
chr1	68046975	CG	199	403	33	174	324	33
chr1	68046985	CG	209	417	33	146	300	33
chr1	68046990	CG	244	429	33	173	307	33
chr1	68047000	CG	230	423	33	153	301	33
chr1	68047002	CG	244	422	33	162	305	33
chr1	68047009	CG	223	410	33	168	307	33
chr1	68047012	CG	215	405	33	164	306	33
chr1	68047027	CG	192	361	33	143	279	33
chr1	68047051	CG	148	318	33	132	297	34
chr1	68047094	CG	182	356	33	152	329	33
chr1	68047110	CG	208	376	33	168	348	33
chr1	68047120	CG	207	360	33	176	372	33
chr1	68047124	CG	205	366	33	175	375	33
chr1	68047142	CG	176	328	33	174	371	33
chr1	68047162	CG	172	313	33	157	339	33
chr1	68047168	CG	174	321	33	160	328	33
chr1	68047177	CG	184	342	33	173	331	33
chr1	68047180	CG	189	334	33	157	313	33
chr1	68047182	CG	191	327	33	164	318	33
chr1	68047216	CG	201	206	33	170	323	33
chr1	68047218	CG	214	371	33	162	323	33
chr1	68047234	CG	205	346	33	148	289	33
chr1	68047245	CG	198	352	33	152	280	33
chr1	68047251	CG	190	353	33	151	281	33
chr1	68047288	CG	141	306	33	143	275	33
chr1	68047298	CG	147	299	33	153	280	33
chr1	68047308	CG	152	285	33	151	273	33
chr1	68047321	CG	145	282	33	147	289	33
chr1	68047380	CG	118	278	33	97	246	33
chr1	68047475	CG	148	250	33	176	316	33
chr1	68047494	CG	139	265	33	158	307	33
chr1	68047535	CG	100	195	33	150	253	33
chr1	68047685	CG	107	140	33	209	239	33
chr1	68047799	CG	103	137	33	134	165	33
chr1	68047802	CG	86	126	33	102	155	33
chr1	68049750	CG	74	112	33	93	153	33
chr1	68049754	CG	87	119	34	105	159	33
chr1	68049808	CG	142	187	33	147	221	33
chr1	68049855	CG	200	227	33	249	294	33
chr1	68049858	CG	160	234	33	209	287	33
chr1	68049907	CG	160	318	33	139	250	33
chr1	68050055	CG	149	320	33	146	335	33
chr1	68050068	CG	160	325	33	172	342	33
chr1	68050072	CG	162	326	33	175	353	33
chr1	68050076	CG	187	346	33	197	372	33
chr1	68050091	CG	170	325	33	198	372	33
chr1	68050094	CG	184	323	33	208	375	33
chr1	68050105	CG	185	326	33	215	369	33
chr1	68050135	CG	175	346	33	184	376	33
chr1	68050173	CG	167	327	33	187	370	33
chr1	68050189	CG	110	273	33	155	350	33
chr1	68050255	CG	110	187	34	154	306	33
chr1	68050294	CG	119	188	33	185	329	33
chr1	68050312	CG	101	179	33	149	296	33
chr1	68050346	CG	111	218	33	125	300	33
chr1	68050387	CG	119	255	33	151	335	33
chr1	68050397	CG	135	262	33	154	327	33
chr1	68050410	CG	134	241	33	159	307	33
chr1	68050416	CG	137	249	33	152	295	33
chr1	68050418	CG	136	237	33	147	302	33
chr1	68050455	CG	133	264	33	141	319	33
chr1	68050474	CG	131	259	33	157	324	33
chr1	68050532	CG	131	282	33	158	330	33
chr1	68050554	CG	142	279	33	157	325	33
chr1	68050562	CG	147	302	33	148	328	33
chr1	68050589	CG	161	311	33	158	333	33
chr1	68050596	CG	156	295	33	158	336	33
chr1	68050608	CG	168	308	33	163	345	33
chr1	68050610	CG	168	317	33	162	344	33
chr1	68050646	CG	157	318	33	165	329	33
chr1	68050648	CG	155	314	33	163	331	33
chr1	68050661	CG	139	308	33	152	305	33
chr1	68050668	CG	155	318	33	148	302	33
chr1	68050678	CG	146	317	33	146	297	33
chr1	68050685	CG	154	321	33	143	299	33
chr1	68050691	CG	153	326	33	136	286	33
chr1	68050722	CG	166	349	33	146	289	33
chr1	68050728	CG	164	346	33	154	302	33
chr1	68050735	CG	166	357	33	151	299	33
chr1	68050770	CG	165	328	33	149	316	33
chr1	68050777	CG	172	329	33	145	301	33
chr1	68050780	CG	174	330	33	152	309	33
chr1	68050782	CG	167	332	33	151	311	33
chr1	68050789	CG	167	339	33	145	300	33
chr1	68050809	CG	152	313	33	150	305	33
chr1	68050835	CG	171	329	33	156	300	33
chr1	68050925	CG	110	198	33	126	268	33
chr1	68050944	CG	111	199	34	124	251	33
chr1	68051030	CG	87	141	33	104	190	33
chr1	68051080	CG	94	165	33	94	152	33
chr1	68051097	CG	96	176	33	85	133	33
chr1	68051169	CG	98	181	33	74	117	33
chr1	68051239	CG	70	145	33	62	118	33
chr1	68051460	CG	118	271	33	127	268	33
chr1	68051469	CG	136	276	33	150	303	33
chr1	68051479	CG	173	286	33	198	317	33
chr1	68051494	CG	170	288	33	185	332	33
chr1	68051522	CG	143	299	34	160	343	33
chr1	68051544	CG	207	336	33	205	363	33
chr1	68051572	CG	181	339	33	200	432	33
chr1	68051575	CG	181	336	33	209	430	33
chr1	68051583	CG	172	346	33	198	427	33
chr1	68051590	CG	193	362	33	213	427	33
chr1	68051598	CG	185	375	33	196	435	33
chr1	68051604	CG	200	380	33	219	426	33
chr1	68051610	CG	183	364	33	188	418	33
chr1	68051623	CG	165	350	33	225	464	33
chr1	68051632	CG	136	312	33	216	477	33
chr1	68051650	CG	107	260	33	262	482	33
chr1	68051660	CG	124	265	33	249	490	33
chr1	68051681	CG	164	306	33	276	497	33
chr1	68051687	CG	196	322	33	253	464	33
chr1	68051706	CG	169	311	33	246	447	33
chr1	68051713	CG	156	296	33	233	420	33
chr1	68051743	CG	176	295	33	226	378	33
chr1	68051750	CG	165	313	33	196	354	33
chr1	68051753	CG	211	334	33	215	352	33
chr1	68051771	CG	235	413	33	214	347	33
chr1	68051779	CG	241	423	33	216	331	33
chr1	68051786	CG	198	408	33	175	311	33
chr1	68051790	CG	206	408	33	164	296	33
chr1	68051855	CG	130	255	33	69	127	33
chr1	68051861	CG	144	220	33	87	120	34
chr1	143206231	CG	0	4	30	60	97	33
chr2	206202243	CG	58	130	33	13	55	34
chr2	206202279	CG	191	197	33	54	56	33
chr2	206202358	CG	288	307	33	104	114	33
chr2	206202403	CG	271	314	33	122	155	33
chr2	206202521	CG	273	281	33	267	282	33
chr2	206202605	CG	241	268	33	303	330	33
chr2	206202607	CG	246	275	33	307	332	33
chr2	206202615	CG	232	297	33	212	292	33
chr2	206202620	CG	279	304	33	302	324	33
chr2	206202647	CG	242	295	33	264	338	33
chr2	206202660	CG	245	287	33	300	344	33
chr2	206202669	CG	230	260	33	285	327	33
chr2	206202673	CG	230	246	33	308	339	33
chr2	206202682	CG	173	229	33	253	315	33
chr2	206202714	CG	157	240	33	216	326	33
chr2	206202717	CG	180	229	33	250	334	33
chr2	206202750	CG	270	310	33	330	384	33
chr2	206202754	CG	242	307	33	309	381	33
chr2	206202802	CG	241	259	33	356	409	33
chr2	206202809	CG	202	268	33	313	418	33
chr2	206202883	CG	177	199	33	416	446	33
chr2	206202885	CG	174	187	33	415	454	33
chr2	206202902	CG	178	191	33	404	429	33
chr2	206202953	CG	184	250	33	294	360	33
chr2	206203019	CG	182	210	33	297	326	33
chr2	206203038	CG	180	204	33	267	281	33
chr2	206203044	CG	185	205	33	247	254	33
chr2	206203081	CG	106	119	33	167	185	33
chr2	206203086	CG	101	112	33	173	178	33
chr2	206203196	CG	39	43	33	47	57	33
chr2	206203220	CG	51	52	33	51	56	33
chr2	206203252	CG	48	50	33	52	56	33
chr2	206203283	CG	88	90	33	80	83	33
chr2	206203285	CG	90	91	34	80	84	33
chr2	206203307	CG	104	104	33	74	83	33
chr2	206203314	CG	120	121	33	91	96	33
chr2	206203316	CG	128	129	33	91	102	33
chr2	206203367	CG	194	217	33	226	260	33
chr2	206203391	CG	258	272	33	317	330	33
chr2	206203404	CG	246	256	33	307	324	33
chr2	206203512	CG	314	336	33	283	299	33
chr2	206203530	CG	317	328	33	243	266	33
chr2	206203546	CG	316	335	33	277	293	33
chr2	206203567	CG	338	352	33	300	326	33
chr2	206203569	CG	335	339	33	304	319	33
chr2	206203591	CG	316	331	33	319	329	33
chr2	206203593	CG	301	311	33	312	321	33
chr2	206203617	CG	281	297	33	333	348	33
chr2	206203624	CG	281	300	33	336	355	33
chr2	206203634	CG	291	309	33	300	322	33
chr2	206203685	CG	310	322	33	297	312	33
chr2	206203696	CG	287	300	33	289	312	33
chr2	206203705	CG	304	315	33	285	300	33
chr2	206203718	CG	324	331	33	298	308	33
chr2	206203739	CG	309	321	33	268	286	33
chr2	206203743	CG	259	305	33	238	280	33
chr2	206203934	CG	217	233	33	113	114	33
chr2	206204074	CG	176	188	33	135	137	33
chr2	206204078	CG	153	159	34	124	125	33
chr2	206204090	CG	113	126	34	124	126	33
chr2	206204118	CG	93	102	33	86	89	33
chr2	206204123	CG	89	96	33	88	88	33
chr2	206204127	CG	93	100	34	88	89	33
chr2	206204134	CG	91	96	33	76	80	33
chr2	206204148	CG	94	98	34	65	67	33
chr2	206204179	CG	60	68	33	64	68	33
chr2	206204476	CG	64	104	33	89	134	33
chr2	206204542	CG	245	301	33	129	153	33
chr2	206204589	CG	260	287	33	187	197	33
chr2	206204597	CG	235	255	33	177	191	33
chr2	206204627	CG	209	234	33	162	175	33
chr2	206204651	CG	189	203	33	154	165	33
chr2	206204691	CG	163	178	33	139	144	33
chr2	206204714	CG	125	143	33	114	118	33
chr2	206204720	CG	92	123	33	94	110	33
chr2	206249859	CG	46	74	33	86	134	33
chr2	206249861	CG	41	71	33	79	150	33
chr2	206249935	CG	261	302	33	201	231	33
chr2	206249960	CG	186	260	33	190	251	33
chr2	206249968	CG	215	284	33	220	260	33
chr2	206249984	CG	193	299	33	197	270	33
chr2	206250006	CG	187	323	33	210	339	33
chr2	206250056	CG	116	210	33	65	189	33
chr2	206250064	CG	103	216	33	60	140	33
chr2	206250106	CG	47	110	33	24	109	33
chr2	206250119	CG	84	182	33	45	166	33
chr2	206250148	CG	153	340	33	87	232	33
chr2	206250155	CG	161	364	33	83	237	33
chr2	206250158	CG	167	386	33	81	244	33
chr2	206250200	CG	171	354	33	108	255	33
chr2	206250217	CG	136	297	33	119	245	33
chr2	206250233	CG	143	275	33	116	240	33
chr2	206250240	CG	130	262	33	126	251	33
chr2	206250283	CG	70	172	33	76	265	33
chr2	206250346	CG	94	195	33	143	286	33
chr2	206250360	CG	69	157	33	113	245	33
chr2	206250392	CG	25	36	34	44	140	33
chr2	206250400	CG	32	57	33	64	118	33
chr2	206250413	CG	46	69	33	78	173	33
chr2	206250431	CG	44	80	33	84	170	33
chr2	206250433	CG	42	78	33	75	171	33
chr2	206250439	CG	45	82	33	76	175	33
chr2	206250456	CG	41	90	33	65	150	33
chr2	206250473	CG	44	97	33	87	204	33
chr2	206250495	CG	52	105	33	106	225	33
chr2	206250497	CG	49	101	34	96	221	33
chr2	206250515	CG	43	93	34	93	194	33
chr2	206250531	CG	31	84	33	69	137	34
chr2	206250613	CG	104	181	33	69	106	34
chr2	206250617	CG	105	185	33	66	106	33
chr2	206250622	CG	95	185	33	67	111	33
chr2	206250650	CG	119	238	33	60	108	33
chr2	206250660	CG	136	266	33	69	108	33
chr2	206250662	CG	153	270	33	67	104	33
chr2	206250666	CG	147	268	33	63	107	33
chr2	206250694	CG	165	310	33	83	141	33
chr2	206250737	CG	157	299	33	122	183	33
chr2	206250741	CG	160	308	33	117	182	33
chr2	206250774	CG	187	363	33	113	169	33
chr2	206250783	CG	176	365	33	101	171	33
chr2	206250840	CG	78	127	33	56	88	33
chr2	206250848	CG	80	132	33	58	86	33
chr2	206250854	CG	79	130	33	53	79	33
chr2	206250875	CG	70	116	33	59	82	33
chr2	206250877	CG	70	114	33	59	87	33
chr2	206250883	CG	65	113	33	60	91	33
chr2	206250891	CG	57	97	33	61	89	33
chr2	206250900	CG	42	70	33	50	73	33
chr2	206250907	CG	43	73	33	45	72	33
chr2	206250917	CG	45	80	33	45	73	33
chr2	206250939	CG	49	89	33	42	76	33
chr2	206250961	CG	62	110	33	47	87	33
chr2	206250963	CG	71	105	33	53	87	33
chr2	206250975	CG	63	110	33	50	91	34
chr2	206251055	CG	79	154	33	75	134	33
chr2	206251059	CG	76	156	34	79	144	33
chr2	206251064	CG	78	159	33	77	156	33
chr2	206251092	CG	98	198	33	94	180	33
chr2	206251101	CG	124	233	33	99	198	33
chr2	206251104	CG	131	235	33	105	197	33
chr2	206251108	CG	135	253	33	108	206	33
chr2	206251117	CG	134	260	33	111	212	33
chr2	206251149	CG	179	284	33	147	251	33
chr2	206251166	CG	138	250	33	127	244	33
chr2	206251224	CG	143	266	33	126	243	33
chr2	206251229	CG	145	270	33	124	254	33
chr2	206251289	CG	112	235	33	106	210	33
chr2	206251346	CG	141	255	33	137	241	33
chr2	206251352	CG	144	275	33	124	249	33
chr2	206251362	CG	134	257	33	119	228	34
chr2	206251392	CG	131	250	33	110	218	33
chr2	206251503	CG	153	277	33	122	218	33
chr2	206251602	CG	177	292	33	93	155	33
chr2	206251677	CG	110	221	34	110	203	33
chr2	206251723	CG	158	252	33	111	200	33
chr2	206251796	CG	155	253	33	115	228	33
chr2	206251823	CG	182	281	33	114	209	33
chr2	206251870	CG	107	229	33	94	226	33
chr2	206251948	CG	139	217	33	137	228	33
chr2	206251965	CG	163	232	33	156	253	33
chr2	206252117	CG	125	203	33	151	233	33
chr2	206252128	CG	126	186	33	145	238	33
chr2	206252212	CG	73	122	33	111	183	33
chr2	206252308	CG	30	41	33	41	60	33
chr2	206252330	CG	25	39	33	48	76	33
chr2	206252338	CG	20	36	34	45	77	33
chr2	206252430	CG	63	109	33	70	131	33
chr2	206252470	CG	65	136	33	83	154	33
chr2	206252504	CG	97	185	33	111	184	33
chr2	206252511	CG	130	197	33	129	184	33
chr2	206252515	CG	152	200	33	127	179	33
chr2	206252548	CG	117	177	33	124	221	33
chr2	206252584	CG	122	237	33	138	248	33
chr2	206252611	CG	176	287	33	152	225	33
chr2	206252648	CG	141	294	33	107	229	33
chr2	206252841	CG	141	238	33	136	231	33
chr2	206252905	CG	152	250	33	136	222	33
chr2	206252911	CG	134	254	33	119	211	33
chr2	206252917	CG	160	267	33	135	211	33
chr2	206253037	CG	0	262	33	.	.	.
chr2	206253042	CG	129	259	33	96	170	33
chr2	206253064	CG	139	258	33	113	197	33
chr2	206253116	CG	132	258	33	94	189	33
chr2	206253123	CG	143	253	33	105	187	33
chr2	206253160	CG	150	270	33	136	248	33
chr2	206253188	CG	128	239	33	141	246	33
chr2	206253341	CG	125	201	33	135	236	33
chr2	206253365	CG	144	262	33	126	230	33
chr2	206253430	CG	133	275	33	127	277	33
chr2	206253480	CG	144	301	34	162	318	33
chr2	206253500	CG	172	328	33	187	348	33
chr2	206253504	CG	184	328	33	198	352	33
chr2	206253529	CG	188	322	33	201	383	33
chr2	206253532	CG	176	310	33	189	372	33
chr2	206253535	CG	189	310	33	196	376	33
chr2	206253547	CG	161	294	33	183	373	33
chr2	206253558	CG	138	252	33	192	359	33
chr2	206253564	CG	140	227	33	206	354	33
chr2	206253570	CG	135	248	33	192	346	33
chr2	206253588	CG	143	271	33	156	330	33
chr2	206253669	CG	147	278	33	190	372	33
chr2	206253687	CG	168	304	33	177	360	33
chr2	206253702	CG	187	304	33	186	361	33
chr2	206253738	CG	204	302	33	213	345	33
chr2	206253870	CG	70	217	33	110	319	33
chr2	206253886	CG	75	213	33	102	318	33
chr2	206253927	CG	8	216	33	5	303	33
chr2	206253987	CG	23	259	33	14	197	33
chr2	206254113	CG	138	253	33	52	97	34
chr2	206254404	CG	62	115	33	75	125	33
chr2	206254424	CG	58	138	33	62	121	34
chr2	206254435	CG	96	146	33	80	113	33
chr2	206254468	CG	83	178	33	89	140	33
chr2	206254478	CG	137	199	33	101	143	33
chr2	206254480	CG	145	203	33	107	146	33
chr2	206254484	CG	140	213	33	111	160	33
chr2	206254599	CG	71	174	32	137	257	33
chr2	206254684	CG	53	93	34	122	218	33
chr2	206254971	CG	76	112	33	107	187	33
chr2	206255128	CG	131	258	33	132	227	33
chr2	206255173	CG	111	267	33	100	236	33
chr2	206255649	CG	92	192	33	80	183	33
chr2	206255756	CG	47	63	34	116	150	33
chr2	206255758	CG	49	61	33	110	139	33
chr2	206255964	CG	45	67	33	59	78	33
chr2	206256028	CG	105	177	33	66	113	33
chr2	206256136	CG	225	305	33	115	170	33
chr2	206256140	CG	216	318	33	114	175	33
chr2	206256280	CG	153	247	33	104	169	33
chr2	206256304	CG	114	189	33	77	165	33
chr2	206256313	CG	127	201	33	82	151	33
chr2	206256326	CG	104	193	34	72	160	33
chr2	206256358	CG	112	217	33	50	90	33
chr2	206256366	CG	109	232	33	34	68	34
chr2	206256373	CG	92	221	33	30	65	33
chr2	206256490	CG	84	183	33	76	195	33
chr2	206256555	CG	72	197	33	90	197	33
chr2	206256660	CG	10	65	33	31	146	33
chr2	206256763	CG	115	206	33	181	281	33
chr2	206256905	CG	138	269	33	164	308	33
chr2	206256913	CG	134	288	33	167	321	33
chr2	206256969	CG	185	335	33	166	321	33
chr2	206256975	CG	133	327	33	113	314	33
chr2	206257011	CG	92	294	33	98	354	33
chr2	206257097	CG	43	320	33	41	337	34
chr2	206257411	CG	195	320	33	186	299	33
chr2	206257420	CG	203	316	33	196	300	33
chr2	206257447	CG	147	296	33	176	337	33
chr2	206257460	CG	178	312	33	193	323	33
chr2	206257506	CG	144	269	34	145	286	33
chr2	206257513	CG	142	272	33	130	288	33
chr2	206257578	CG	180	353	33	139	267	33
chr2	206257594	CG	201	345	33	167	287	33
chr2	206257601	CG	224	358	33	177	290	33
chr2	206257624	CG	213	390	33	148	282	33
chr2	206257635	CG	230	372	33	136	223	33
chr2	206257639	CG	255	376	33	134	211	33
chr2	206257699	CG	144	382	33	124	267	33
chr2	206257721	CG	98	291	33	93	209	33
chr2	206257754	CG	16	63	33	33	94	33
chr2	206257801	CG	52	101	33	79	136	33
chr2	206257835	CG	40	61	33	72	132	33
chr2	206257857	CG	50	76	33	97	156	33
chr2	206257890	CG	52	85	33	89	134	33
chr2	206257954	CG	25	40	33	27	96	33
chr2	206257987	CG	55	113	33	74	161	33
chr2	206258015	CG	93	179	33	91	182	33
chr2	206258038	CG	158	250	33	117	212	33
chr2	206258071	CG	170	341	33	128	223	33
chr2	206258081	CG	198	335	33	122	203	33
chr2	206258345	CG	110	153	33	166	210	33
chr2	206258449	CG	36	69	33	138	247	34
chr2	206258585	CG	137	158	33	162	224	33
chr2	206258596	CG	98	157	34	151	245	33
chr2	206258606	CG	123	163	33	163	243	33
chr2	206258630	CG	105	168	33	119	195	33
chr2	206258641	CG	109	165	33	130	193	33
chr2	206258686	CG	115	193	33	118	185	33
chr2	206258770	CG	79	139	33	70	102	33
chr2	206258774	CG	75	136	33	66	101	33
chr2	206258970	CG	144	256	33	169	287	33
chr2	206258999	CG	136	260	33	193	337	33
chr2	206259011	CG	179	267	33	229	338	33
chr2	206259256	CG	87	150	33	130	253	33
chr2	206259288	CG	95	159	33	198	314	33
chr2	206259373	CG	106	200	33	134	271	33
chr2	206259417	CG	95	157	33	109	193	33
chr2	206259529	CG	36	100	33	41	137	33
chr2	206259834	CG	55	280	33	43	282	33
chr2	206259868	CG	71	292	33	87	308	33
chr2	206259880	CG	112	329	33	122	328	33
chr2	206259897	CG	88	343	33	91	307	33
chr2	206259936	CG	77	333	33	52	242	33
chr2	206259971	CG	117	360	33	95	302	33
chr2	206259989	CG	122	369	33	105	286	33
chr2	206260148	CG	120	264	33	121	260	33
chr2	206260191	CG	69	231	33	91	268	33
chr2	206260295	CG	137	302	33	110	291	33
chr2	206260336	CG	97	271	33	95	276	33
chr2	206260544	CG	1	210	34	3	232	33
chr2	206260650	CG	91	212	33	55	122	33
chr2	206260741	CG	176	267	33	76	105	33
chr2	206260882	CG	129	258	34	108	188	33
chr2	206261029	CG	180	330	33	114	186	33
chr2	206261064	CG	157	367	33	101	244	33
chr2	206261069	CG	18	376	33	11	257	33
chr2	206261120	CG	6	362	33	5	226	33
chr2	206261209	CG	206	288	33	179	251	33
chr2	206261300	CG	132	293	33	91	187	33
chr2	206261382	CG	108	272	33	84	180	33
chr2	206261449	CG	161	349	33	65	124	33
chr2	206261513	CG	156	261	33	77	108	33
chr2	206261524	CG	191	245	34	84	101	33
chr2	206261526	CG	159	237	33	73	102	33
chr2	206261569	CG	164	183	33	104	123	33
chr2	206261573	CG	176	199	33	112	123	33
chr2	206261594	CG	153	202	33	104	124	33
chr2	206261625	CG	133	185	33	89	114	33
chr2	206261653	CG	125	163	33	149	184	33
chr2	206261665	CG	161	174	33	186	200	33
chr2	206261667	CG	159	170	33	176	199	33
chr2	206261745	CG	123	161	33	112	152	33
chr2	206261783	CG	96	170	33	71	139	33
chr2	206261887	CG	193	276	33	136	194	33
chr2	206262111	CG	252	288	33	125	137	34
chr2	206262257	CG	82	115	33	35	57	33
chr2	206262275	CG	81	121	33	34	70	33
chr2	206262299	CG	76	91	33	43	58	33
chr2	206262333	CG	54	91	33	35	60	33
chr2	206262357	CG	72	96	34	52	69	33
chr2	206262369	CG	56	92	33	56	82	33
chr2	206262500	CG	116	181	34	117	156	33
chr2	206262502	CG	105	179	33	85	166	33
chr2	206262640	CG	120	233	33	127	279	33
chr2	206262646	CG	113	234	33	126	285	33
chr2	206262834	CG	124	301	33	99	230	33
chr2	206262874	CG	155	260	33	174	274	33
chr2	206262985	CG	45	147	33	88	260	33
chr2	206262992	CG	121	171	33	168	259	33
chr2	206263015	CG	76	204	33	78	244	33
chr2	206263307	CG	139	289	33	69	143	33
chr2	206263400	CG	119	326	33	75	224	34
chr2	206263451	CG	105	294	33	126	289	33
chr2	206263453	CG	145	297	33	156	284	33
chr2	206263466	CG	133	328	33	133	295	33
chr2	206263485	CG	97	320	33	105	283	33
chr2	206263493	CG	178	315	33	157	275	33
chr2	206263518	CG	162	291	33	135	240	33
chr2	206263578	CG	114	303	33	77	221	33
chr2	206263743	CG	112	222	33	139	240	33
chr2	206263745	CG	115	222	33	130	227	33
chr2	206263748	CG	125	215	33	132	223	33
chr2	206263788	CG	97	159	33	140	233	33
chr2	206263808	CG	80	185	33	123	234	33
chr2	206263879	CG	92	149	33	88	143	33
chr2	206263882	CG	82	148	33	84	133	33
chr2	206263887	CG	76	126	33	67	110	34
chr2	206263973	CG	71	125	33	68	93	33
chr2	206263975	CG	72	127	33	68	92	33
chr2	206264019	CG	60	151	33	54	114	33
chr2	206264112	CG	122	262	33	130	249	33
chr2	206264166	CG	73	275	33	81	273	33
chr2	206264205	CG	169	304	33	167	252	33
chr2	206264278	CG	173	379	33	92	196	33
chr2	206264284	CG	175	372	33	87	178	33
chr2	206264327	CG	175	371	33	92	190	33
chr2	206264344	CG	201	453	33	106	205	33
chr2	206264352	CG	223	449	33	105	207	33
chr2	206264384	CG	211	463	33	110	197	33
chr2	206264391	CG	210	446	33	117	192	33
chr2	206264398	CG	172	429	33	97	210	33
chr2	206264434	CG	139	341	33	111	253	33
chr2	206264447	CG	182	350	33	164	297	33
chr2	206264456	CG	146	311	33	156	297	33
chr2	206264458	CG	142	304	33	158	298	33
chr2	206264504	CG	79	234	33	79	242	33
chr2	206264536	CG	118	254	33	96	205	33
chr2	206264598	CG	151	235	33	123	209	33
chr2	206264633	CG	117	204	33	105	192	33
chr2	206264648	CG	119	198	33	110	201	33
chr2	206264668	CG	133	206	33	128	197	33
chr2	206264787	CG	108	190	33	154	253	33
chr2	206264835	CG	125	224	33	194	326	33
chr2	206264845	CG	135	211	33	211	303	33
chr2	206264911	CG	118	223	33	98	181	33
chr2	206265005	CG	105	229	33	73	154	34
chr2	206265044	CG	165	243	33	103	142	33
chr2	206265138	CG	108	215	33	72	139	33
chr2	206265173	CG	133	210	33	84	145	34
chr2	206265210	CG	124	209	33	113	197	33
chr2	206265218	CG	97	220	33	97	201	33
chr2	206265244	CG	110	228	33	99	196	33
chr2	206265326	CG	134	210	33	153	206	33
chr2	206265333	CG	113	212	33	124	203	33
chr2	206265497	CG	198	254	33	100	133	33
chr2	206265553	CG	72	139	34	40	82	34
chr2	206265613	CG	145	190	33	110	165	33
chr2	206265696	CG	103	135	34	130	179	33
chr2	206265762	CG	103	157	33	178	258	33
chr2	206265790	CG	120	180	33	142	232	33
chr2	206265898	CG	134	197	33	148	193	33
chr2	206265928	CG	113	190	33	87	126	34
chr2	206266278	CG	91	205	33	86	172	33
chr2	206266354	CG	162	269	33	125	219	33
chr2	206266641	CG	185	371	33	137	258	33
chr2	206266713	CG	148	251	33	166	260	33
chr2	206266717	CG	156	251	33	160	252	33
chr2	206266732	CG	152	266	33	151	255	33
chr2	206266747	CG	132	245	33	143	264	33
chr2	206266861	CG	158	296	33	182	336	33
chr2	206266902	CG	147	294	33	157	265	33
chr2	206266975	CG	105	217	33	132	241	33
chr2	206267141	CG	60	85	33	51	87	33
chr2	206267203	CG	28	68	34	58	120	33
chr2	206267236	CG	46	90	33	61	125	33
chr2	206267256	CG	58	106	33	87	153	33
chr2	206267258	CG	63	109	33	83	160	33
chr2	206267263	CG	80	124	33	81	148	33
chr2	206267271	CG	75	126	33	90	167	33
chr2	206267298	CG	75	122	33	96	168	33
chr2	206267343	CG	73	115	33	89	169	33
chr2	206267354	CG	80	125	34	103	166	33
chr2	206267359	CG	70	122	33	96	182	33
chr2	206267403	CG	76	152	34	126	226	33
chr2	206267616	CG	119	281	33	42	83	33
chr2	206267661	CG	164	307	33	52	80	33
chr2	206267747	CG	139	369	33	72	152	33
chr2	206267768	CG	175	367	33	102	174	33
chr2	206267838	CG	138	230	33	146	260	33
chr2	206268137	CG	24	52	33	32	64	33
chr2	206268176	CG	42	50	33	87	112	33
chr2	206268178	CG	40	49	34	76	115	33
chr2	206268184	CG	29	45	34	75	122	33
chr2	206268218	CG	15	30	33	55	97	33
chr2	206268240	CG	20	37	33	42	84	34
chr2	206268272	CG	24	36	33	43	74	33
chr2	206268276	CG	25	38	34	44	76	33
chr2	206268303	CG	26	50	33	47	80	33
chr2	206268342	CG	62	108	33	52	88	33
chr2	206268357	CG	90	128	33	63	93	33
chr2	206268361	CG	92	132	33	61	92	33
chr2	206268406	CG	150	193	33	129	153	33
chr2	206268410	CG	114	192	33	105	154	33
chr2	206268423	CG	143	212	33	122	172	33
chr2	206268443	CG	149	216	33	121	158	33
chr2	206268542	CG	132	216	33	72	99	33
chr2	206268603	CG	96	197	33	43	84	33
chr2	206268649	CG	63	226	33	9	40	33
chr2	206268795	CG	133	206	33	43	67	33
chr2	206269050	CG	130	195	33	122	168	33
chr2	206269076	CG	92	183	34	116	213	33
chr2	206269135	CG	191	263	33	126	175	33
chr2	206269197	CG	186	249	33	156	212	33
chr2	206269269	CG	206	244	34	155	181	33
chr2	206269430	CG	38	58	33	100	180	33
chr2	206269478	CG	34	38	33	216	236	33
chr2	206269649	CG	41	48	33	73	75	33
chr2	206269716	CG	50	53	33	49	63	33
chr2	206269730	CG	53	59	33	59	73	33
chr2	206269761	CG	56	62	33	72	95	33
chr2	206269815	CG	49	70	34	61	97	33
chr2	206269862	CG	32	52	32	95	169	33
chr2	206269864	CG	30	43	32	98	161	33
chr2	206270083	CG	174	261	33	210	352	33
chr2	206270122	CG	83	144	33	97	178	33
chr2	206270167	CG	120	166	33	94	126	33
chr2	206270223	CG	63	90	33	57	77	33
chr2	206270247	CG	81	95	33	61	66	33
chr2	206270298	CG	28	41	34	46	81	33
chr2	206270318	CG	24	29	34	71	99	33
chr2	206270332	CG	22	28	34	76	107	33
chr2	206270343	CG	22	27	33	79	112	33
chr2	206270376	CG	30	39	33	85	117	33
chr2	206270388	CG	46	49	34	99	121	34
chr2	206270392	CG	45	51	33	93	126	33
chr2	206270638	CG	116	168	33	87	136	33
chr2	206270662	CG	107	141	34	76	112	33
chr2	206270672	CG	33	147	33	32	120	33
chr2	206270721	CG	135	180	33	140	174	33
chr2	206270811	CG	173	212	33	78	97	33
chr2	206270815	CG	157	211	33	77	92	33
chr2	206270831	CG	104	190	33	57	98	33
chr2	206270857	CG	92	164	34	69	111	33
chr2	206270864	CG	121	172	33	87	125	33
chr2	206270970	CG	109	171	34	136	183	33
chr2	206271460	CG	149	282	33	64	118	33
chr2	206271479	CG	219	305	33	87	118	33
chr2	206271496	CG	250	330	33	82	107	33
chr2	206271683	CG	153	171	33	169	196	33
chr2	206271689	CG	136	168	33	173	206	33
chr2	206271694	CG	138	166	33	171	194	33
chr2	206271713	CG	104	139	33	172	216	33
chr2	206271732	CG	102	130	33	167	217	33
chr2	206271819	CG	133	149	33	92	107	33
chr2	206271858	CG	49	65	33	63	68	33
chr2	206271867	CG	41	60	34	51	53	34
chr3	77321088	CG	.	.	.	85	101	34
chr3	77321103	CG	.	.	.	110	111	33
chr3	93470645	CG	14	471	33	10	519	33
chr4	88697033	CG	61	96	34	57	96	33
chr4	88697136	CG	134	226	33	155	268	33
chr4	88697173	CG	94	234	33	160	341	33
chr4	88697217	CG	132	292	33	178	320	33
chr4	88697232	CG	171	336	33	186	344	33
chr4	88697235	CG	173	338	33	192	360	33
chr4	88697244	CG	181	355	33	176	352	33
chr4	88697260	CG	164	342	33	188	351	33
chr4	88697262	CG	169	325	33	188	361	33
chr4	88697275	CG	133	283	33	199	368	33
chr4	88697295	CG	36	233	33	185	373	33
chr4	88697313	CG	53	193	33	172	380	33
chr4	88697322	CG	59	190	33	193	394	33
chr4	88697379	CG	127	260	33	176	327	33
chr4	88697382	CG	140	263	33	163	315	33
chr4	88697403	CG	142	273	33	145	279	33
chr4	88697481	CG	125	256	33	149	289	33
chr4	88697486	CG	121	256	33	143	293	33
chr4	88697516	CG	147	325	33	162	307	33
chr4	88697527	CG	151	323	33	155	305	33
chr4	88697544	CG	173	356	33	168	308	33
chr4	88697560	CG	189	381	33	168	318	33
chr4	88697614	CG	188	355	33	151	321	33
chr4	88697616	CG	189	355	33	151	320	33
chr4	88697635	CG	199	382	33	151	321	33
chr4	88697637	CG	198	374	33	157	346	33
chr4	88697659	CG	226	404	33	191	390	33
chr4	88697664	CG	217	408	33	232	394	33
chr4	88697671	CG	229	420	33	213	409	33
chr4	88697689	CG	198	379	33	196	435	33
chr4	88697698	CG	184	382	33	185	407	33
chr4	88697701	CG	187	366	33	180	397	33
chr4	88697707	CG	179	363	33	175	394	33
chr4	88697710	CG	178	371	33	176	390	33
chr4	88697725	CG	165	354	33	168	369	33
chr4	88697743	CG	184	371	33	170	357	33
chr4	88697748	CG	191	380	33	168	346	33
chr4	88697769	CG	172	367	33	152	310	33
chr4	88697791	CG	169	373	33	152	325	33
chr4	88697808	CG	172	374	33	159	357	34
chr4	88697831	CG	186	404	33	182	372	33
chr4	88697837	CG	185	397	33	195	386	33
chr4	88697847	CG	182	408	33	206	406	33
chr4	88697853	CG	194	411	33	200	391	33
chr4	88697857	CG	195	416	33	207	387	33
chr4	88697861	CG	185	410	33	208	388	33
chr4	88697863	CG	190	411	33	204	388	33
chr4	88697872	CG	192	423	33	213	405	33
chr4	88697879	CG	194	413	33	214	408	33
chr4	88697881	CG	190	406	33	219	417	33
chr4	88697887	CG	177	391	33	225	421	33
chr4	88697900	CG	141	338	33	220	418	33
chr4	88697902	CG	171	352	33	221	421	33
chr4	88697934	CG	138	309	33	206	397	33
chr4	88697938	CG	133	307	33	205	401	33
chr4	88698003	CG	182	330	33	193	374	33
chr4	88698085	CG	139	211	34	113	166	33
chr4	88698131	CG	128	142	33	106	121	33
chr4	88698186	CG	59	70	33	62	63	33
chr5	49601537	CG	102	161	33	28	50	33
chr5	49601567	CG	78	138	33	34	48	33
chr5	49602066	CG	82	101	33	7	7	32
chr5	49602076	CG	2	105	33	5	5	34
chr5	49602122	CG	82	100	33	5	6	34
chr5	49657476	CG	5	5	34	89	107	33
chr5	49658133	CG	16	18	34	219	271	33
chr5	49658179	CG	0	3	34	0	178	33
chr5	49658697	CG	10	15	34	89	137	33
chr5	49659123	CG	13	24	34	134	164	33
chr5	49659125	CG	9	20	34	113	159	33
chr5	49659874	CG	43	62	34	127	220	33
chr5	49659898	CG	41	49	34	152	178	33
chr5	136079156	CG	219	251	33	201	224	33
chr5	136079169	CG	198	285	33	179	247	33
chr5	136079234	CG	142	296	33	190	385	33
chr5	136079312	CG	192	356	33	178	367	33
chr5	136079345	CG	180	386	33	166	359	33
chr5	136079381	CG	204	365	33	167	338	33
chr5	136079383	CG	174	369	33	146	346	33
chr5	136079385	CG	170	371	33	117	339	33
chr5	136079391	CG	197	380	33	161	360	33
chr5	136079397	CG	195	379	33	119	324	33
chr5	136079404	CG	187	381	33	156	347	34
chr5	136079437	CG	203	399	33	159	335	33
chr5	136079440	CG	261	403	33	210	333	33
chr5	136079494	CG	175	403	33	139	329	33
chr5	136079501	CG	167	399	33	131	313	33
chr5	136079519	CG	175	400	33	149	332	33
chr5	136079542	CG	180	393	33	171	347	33
chr5	136079563	CG	166	367	33	166	336	33
chr5	136079569	CG	127	355	33	106	319	33
chr5	136079589	CG	125	362	33	102	350	33
chr5	136079607	CG	136	378	33	123	377	33
chr5	136079611	CG	144	379	33	124	379	33
chr5	136079617	CG	147	364	33	135	385	33
chr5	136079639	CG	127	335	33	130	379	33
chr5	136079685	CG	125	292	33	147	326	33
chr5	136079902	CG	109	219	33	119	246	33
chr5	136079965	CG	134	302	33	120	278	33
chr5	136080004	CG	151	317	33	150	288	33
chr5	136080009	CG	162	308	33	182	289	33
chr5	136080026	CG	168	326	33	149	274	33
chr5	136080039	CG	156	306	33	143	269	33
chr5	136080073	CG	155	267	33	119	247	33
chr5	136080087	CG	144	274	33	125	265	33
chr5	136080092	CG	148	273	33	134	273	33
chr5	136080103	CG	146	278	33	128	274	33
chr5	136080130	CG	146	283	33	129	279	33
chr5	136080179	CG	160	306	33	140	302	33
chr5	136080203	CG	162	323	33	158	305	33
chr5	136080217	CG	148	304	33	159	312	33
chr5	136080229	CG	153	313	33	180	328	33
chr5	136080236	CG	148	310	33	169	314	33
chr5	136080238	CG	153	314	33	165	319	33
chr5	136080243	CG	161	331	33	160	319	33
chr5	136080259	CG	147	302	33	174	338	33
chr5	136080279	CG	144	288	33	166	328	33
chr5	136080312	CG	127	268	33	185	363	33
chr5	136080340	CG	128	254	33	198	373	33
chr5	136080344	CG	113	231	33	170	352	33
chr5	136080483	CG	81	191	33	146	314	33
chr5	136080516	CG	115	232	33	136	299	33
chr5	136080518	CG	119	238	33	142	306	33
chr5	136080525	CG	129	260	34	127	292	33
chr5	136080560	CG	155	317	33	156	342	33
chr5	136080577	CG	158	310	33	143	334	33
chr5	136080592	CG	139	300	33	129	326	33
chr5	136080597	CG	129	305	33	129	329	33
chr5	136080611	CG	150	328	33	147	322	33
chr5	136080642	CG	149	348	33	138	321	33
chr5	136080657	CG	167	387	33	147	337	33
chr5	136080675	CG	167	381	33	170	347	33
chr5	136080681	CG	158	376	33	170	366	33
chr5	136080692	CG	169	378	33	181	352	33
chr5	136080699	CG	175	381	33	168	353	33
chr5	136080705	CG	179	381	33	177	359	33
chr5	136080709	CG	178	381	33	185	365	33
chr5	136080716	CG	184	370	33	173	361	33
chr5	136080723	CG	168	365	33	172	361	33
chr5	136080734	CG	137	392	33	124	363	33
chr5	136080763	CG	154	370	33	177	369	33
chr5	136080767	CG	158	367	33	165	356	33
chr5	136080776	CG	164	368	33	175	353	33
chr5	136080778	CG	165	362	33	165	356	33
chr5	136080785	CG	131	357	33	142	346	33
chr5	136080832	CG	137	289	33	125	306	33
chr5	136080840	CG	139	317	33	133	307	33
chr5	136080849	CG	149	339	33	146	327	33
chr5	136080891	CG	172	326	33	201	387	33
chr5	136080905	CG	147	286	33	180	364	33
chr5	136080924	CG	112	214	33	137	320	33
chr5	136080957	CG	69	149	33	85	199	33
chr5	136081036	CG	34	71	33	34	70	33
chr6	3848794	CG	107	124	33	48	66	34
chr6	3848848	CG	164	215	33	83	114	33
chr6	3848861	CG	185	260	33	101	139	33
chr6	3848928	CG	279	450	33	165	253	33
chr6	3848943	CG	247	449	33	185	309	33
chr6	3848948	CG	255	453	33	183	306	33
chr6	3848956	CG	270	472	33	184	309	33
chr6	3848973	CG	269	473	33	170	304	33
chr6	3849001	CG	226	492	33	151	332	33
chr6	3849038	CG	183	412	33	194	408	33
chr6	3849043	CG	195	400	33	192	419	33
chr6	3849060	CG	197	409	33	183	402	33
chr6	3849078	CG	204	428	33	170	401	33
chr6	3849093	CG	218	457	33	177	399	33
chr6	3849097	CG	211	441	33	173	405	33
chr6	3849116	CG	207	464	33	209	413	33
chr6	3849130	CG	198	440	33	192	396	33
chr6	3849147	CG	178	422	33	194	420	33
chr6	3849157	CG	178	408	33	206	412	33
chr6	3849177	CG	151	361	33	208	439	33
chr6	3849198	CG	134	363	33	218	444	33
chr6	3849200	CG	157	368	33	206	441	33
chr6	3849208	CG	167	372	33	199	443	33
chr6	3849224	CG	175	375	33	215	447	33
chr6	3849241	CG	155	373	33	207	439	33
chr6	3849260	CG	142	316	33	227	458	33
chr6	3849268	CG	126	326	33	215	455	33
chr6	3849278	CG	133	318	33	210	467	33
chr6	3849302	CG	154	332	33	219	459	33
chr6	3849308	CG	160	341	33	212	466	33
chr6	3849343	CG	121	301	33	203	446	33
chr6	3849351	CG	130	327	33	178	430	33
chr6	3849361	CG	136	346	33	192	443	33
chr6	3849366	CG	148	346	33	215	428	33
chr6	3849387	CG	159	355	33	199	415	33
chr6	3849394	CG	156	353	33	197	397	33
chr6	3849396	CG	163	361	33	197	394	33
chr6	3849404	CG	179	387	33	191	385	33
chr6	3849409	CG	184	388	33	197	383	33
chr6	3849425	CG	189	391	33	184	362	33
chr6	3849438	CG	176	399	33	186	356	33
chr6	3849454	CG	195	424	33	176	337	33
chr6	3849456	CG	179	410	33	159	338	33
chr6	3849464	CG	199	406	33	172	337	33
chr6	3849468	CG	193	396	33	165	333	33
chr6	3849496	CG	187	366	33	143	319	33
chr6	3849541	CG	175	314	33	164	343	33
chr6	3849546	CG	178	323	33	157	338	33
chr6	3849567	CG	176	345	33	175	363	33
chr6	3849572	CG	183	356	33	174	361	33
chr6	3849580	CG	181	371	33	165	351	33
chr6	3849584	CG	182	373	33	163	337	33
chr6	3849668	CG	160	355	33	169	333	33
chr6	3849684	CG	165	349	33	179	365	33
chr6	3849699	CG	171	360	33	176	371	33
chr6	3849718	CG	181	373	33	201	405	33
chr6	3849737	CG	205	404	33	204	433	33
chr6	3849740	CG	216	422	33	209	439	33
chr6	3849745	CG	213	417	33	221	452	33
chr6	3849766	CG	180	371	33	212	438	33
chr6	3849768	CG	182	362	33	214	441	33
chr6	3849796	CG	162	363	33	206	404	33
chr6	3849804	CG	177	370	33	200	382	33
chr6	3849806	CG	184	383	33	186	381	33
chr6	3849816	CG	194	389	33	225	394	33
chr6	3849836	CG	200	410	33	197	357	33
chr6	3849838	CG	196	393	33	200	359	33
chr6	3849848	CG	180	383	33	199	361	33
chr6	3849872	CG	172	360	33	190	320	33
chr6	3849874	CG	184	368	33	203	331	33
chr6	3849884	CG	185	378	33	203	344	33
chr6	3849911	CG	272	409	33	253	365	33
chr6	3849916	CG	244	422	33	235	378	33
chr6	3849919	CG	254	412	33	233	378	33
chr6	3849939	CG	243	446	33	234	372	33
chr6	3849960	CG	264	447	33	221	368	33
chr6	3849963	CG	273	442	33	224	363	33
chr6	3849970	CG	259	439	33	234	382	33
chr6	3849973	CG	230	431	33	212	366	33
chr6	3849976	CG	222	423	33	196	372	33
chr6	3849985	CG	188	393	33	184	354	33
chr6	3850002	CG	190	386	33	179	361	33
chr6	3850024	CG	185	386	33	176	357	33
chr6	3850037	CG	189	372	33	182	345	33
chr6	3850061	CG	259	380	33	263	378	33
chr6	3850063	CG	260	389	33	259	374	33
chr6	3850067	CG	247	382	33	232	345	33
chr6	3850082	CG	311	396	33	297	349	33
chr6	3850103	CG	264	365	33	226	292	33
chr6	3850118	CG	255	325	33	202	250	33
chr6	3850124	CG	219	295	34	171	215	33
chr6	3850139	CG	196	231	33	187	211	33
chr6	3850142	CG	180	214	33	176	201	33
chr6	3850144	CG	164	207	34	173	197	33
chr6	3850148	CG	178	197	34	184	191	33
chr6	3850154	CG	165	182	33	179	186	33
chr6	3850186	CG	77	130	33	100	148	33
chr6	3850192	CG	70	126	33	83	139	33
chr6	3850204	CG	74	115	33	72	106	33
chr6	3850207	CG	75	109	33	73	98	33
chr6	3850209	CG	75	103	33	67	94	33
chr6	3850213	CG	70	94	33	70	85	33
chr6	3850223	CG	73	95	33	66	73	33
chr6	3850225	CG	65	83	33	60	66	34
chr6	3850228	CG	62	77	34	56	61	33
chr6	3850249	CG	39	61	33	30	40	34
chr6	128930039	CG	.	.	.	15	105	33
chr6	128930044	CG	.	.	.	19	113	33
chr6	128930048	CG	.	.	.	22	114	33
chr6	128930064	CG	.	.	.	15	124	33
chr6	128930068	CG	.	.	.	17	125	33
chr6	128930074	CG	.	.	.	16	126	33
chr6	128930101	CG	1	1	34	25	127	34
chr6	128930110	CG	1	1	34	17	120	33
chr6	128930113	CG	1	1	34	20	120	33
chr6	128930116	CG	1	1	34	17	126	33
chr6	128930118	CG	1	1	34	20	118	33
chr6	128930122	CG	1	1	26	19	116	34
chr6	144006899	CG	65	73	33	43	57	33
chr6	144006941	CG	74	98	34	87	114	33
chr6	144006985	CG	83	111	33	110	181	33
chr6	144007046	CG	141	216	33	161	276	33
chr6	144007071	CG	136	212	33	158	252	33
chr6	144007078	CG	142	218	33	147	252	33
chr6	144007082	CG	140	214	33	140	248	33
chr6	144007085	CG	142	216	33	141	263	33
chr6	144007130	CG	129	199	33	161	266	33
chr6	144007163	CG	101	183	33	146	248	33
chr6	144007170	CG	108	192	33	136	235	33
chr6	144007204	CG	106	195	33	125	262	33
chr6	144007263	CG	112	248	33	158	289	33
chr6	144007269	CG	107	245	33	155	274	33
chr6	144007282	CG	123	264	33	141	242	33
chr6	144007284	CG	132	262	33	146	251	33
chr6	144007295	CG	140	269	33	160	271	33
chr6	144007345	CG	176	326	33	142	308	33
chr6	144007358	CG	175	352	33	125	273	33
chr6	144007535	CG	108	191	33	134	252	33
chr6	144007553	CG	112	199	33	131	259	33
chr6	144007570	CG	120	216	33	142	260	33
chr6	144007587	CG	123	234	33	130	248	33
chr6	144007613	CG	97	207	33	135	257	33
chr6	144007694	CG	93	171	33	99	225	33
chr6	144007780	CG	92	214	33	145	298	33
chr6	144007786	CG	119	224	33	145	299	33
chr6	144007797	CG	140	270	33	151	299	33
chr6	144007814	CG	154	303	33	153	318	33
chr6	144007842	CG	167	337	33	152	331	33
chr6	144007844	CG	169	339	33	158	337	33
chr6	144007848	CG	172	352	33	155	330	33
chr6	144007860	CG	169	361	33	165	360	33
chr6	144007863	CG	174	372	33	172	370	33
chr6	144007876	CG	168	380	33	178	380	33
chr6	144007879	CG	180	394	33	175	376	33
chr6	144007886	CG	184	418	33	180	381	33
chr6	144007888	CG	207	439	33	173	376	33
chr6	144007908	CG	209	437	33	188	393	33
chr6	144007915	CG	218	453	33	185	380	33
chr6	144007922	CG	209	435	33	178	378	33
chr6	144007930	CG	209	430	33	199	402	33
chr6	144007936	CG	221	454	33	202	397	33
chr6	144007942	CG	213	450	33	203	390	33
chr6	144007944	CG	211	442	33	204	405	33
chr6	144007951	CG	199	428	34	198	407	33
chr6	144007957	CG	205	432	33	200	421	33
chr6	144007961	CG	211	437	33	194	411	33
chr6	144007967	CG	206	429	33	194	424	33
chr6	144007970	CG	207	417	33	197	422	33
chr6	144007972	CG	207	424	33	197	421	33
chr6	144007992	CG	182	388	33	168	397	33
chr6	144007994	CG	186	382	33	170	404	33
chr6	144007998	CG	187	384	33	164	395	33
chr6	144008000	CG	190	379	33	157	409	33
chr6	144008009	CG	192	379	33	170	397	33
chr6	144008012	CG	194	385	33	175	406	33
chr6	144008018	CG	126	322	33	177	401	33
chr6	144008023	CG	179	364	33	189	410	33
chr6	144008025	CG	183	366	33	192	420	33
chr6	144008035	CG	183	375	33	199	424	33
chr6	144008042	CG	179	367	33	199	424	33
chr6	144008056	CG	185	372	33	204	432	33
chr6	144008060	CG	195	379	33	196	424	33
chr6	144008063	CG	200	380	33	194	432	33
chr6	144008069	CG	209	393	33	195	440	33
chr6	144008071	CG	212	393	33	193	437	33
chr6	144008094	CG	196	390	33	169	412	33
chr6	144008099	CG	199	400	33	173	431	33
chr6	144008102	CG	204	409	33	176	429	33
chr6	144008109	CG	198	416	33	182	422	33
chr6	144008120	CG	210	423	33	186	426	33
chr6	144008126	CG	202	412	33	197	421	33
chr6	144008130	CG	197	415	33	191	418	33
chr6	144008134	CG	193	407	33	202	417	33
chr6	144008145	CG	199	403	33	203	417	33
chr6	144008147	CG	199	409	33	196	419	33
chr6	144008156	CG	216	423	33	199	413	33
chr6	144008159	CG	223	430	33	184	406	33
chr6	144008164	CG	219	424	33	181	409	33
chr6	144008172	CG	230	434	33	192	415	33
chr6	144008177	CG	227	431	33	205	417	33
chr6	144008179	CG	228	427	33	200	416	33
chr6	144008181	CG	235	435	33	196	407	33
chr6	144008192	CG	243	453	33	198	416	33
chr6	144008194	CG	243	445	33	189	410	33
chr6	144008213	CG	234	445	33	189	406	33
chr6	144008222	CG	226	426	33	181	400	33
chr6	144008226	CG	223	414	33	175	397	33
chr6	144008230	CG	216	415	33	182	404	33
chr6	144008234	CG	222	418	33	183	409	33
chr6	144008245	CG	210	427	33	172	380	33
chr6	144008249	CG	202	419	33	178	389	33
chr6	144008269	CG	204	397	33	189	380	33
chr6	144008278	CG	198	392	33	183	362	33
chr6	144008296	CG	192	399	33	169	349	33
chr6	144008301	CG	198	390	33	176	366	33
chr6	144008307	CG	206	403	33	168	355	33
chr6	144008310	CG	201	405	33	158	340	33
chr6	144008336	CG	215	431	33	188	390	33
chr6	144008348	CG	218	437	33	198	382	33
chr6	144008352	CG	219	446	33	194	380	33
chr6	144008354	CG	226	453	33	192	376	33
chr6	144008375	CG	210	454	33	183	343	33
chr6	144008378	CG	211	454	33	159	325	33
chr6	144008387	CG	213	474	33	179	336	33
chr6	144008389	CG	215	468	33	173	327	33
chr6	144008391	CG	218	474	33	171	320	33
chr6	144008397	CG	220	473	33	140	285	33
chr6	144008404	CG	212	474	33	116	267	33
chr6	144008411	CG	209	476	33	116	268	33
chr6	144008416	CG	218	482	33	158	321	33
chr6	144008419	CG	223	477	33	135	298	33
chr6	144008421	CG	229	475	33	163	331	33
chr6	144008425	CG	241	501	33	166	336	33
chr6	144008427	CG	243	500	33	165	341	33
chr6	144008436	CG	251	512	33	172	350	33
chr6	144008451	CG	250	495	33	169	353	33
chr6	144008457	CG	261	500	33	164	363	33
chr6	144008462	CG	260	506	33	171	373	33
chr6	144008480	CG	234	484	33	174	355	33
chr6	144008483	CG	214	443	33	174	377	33
chr6	144008498	CG	196	405	33	176	379	33
chr6	144008501	CG	194	397	33	170	382	33
chr6	144008505	CG	207	404	33	170	387	33
chr6	144008510	CG	198	380	33	172	394	33
chr6	144008524	CG	204	417	33	213	442	33
chr6	144008535	CG	209	430	33	225	455	33
chr6	144008542	CG	222	436	33	218	447	33
chr6	144008547	CG	220	424	33	221	464	33
chr6	144008555	CG	236	443	33	241	475	33
chr6	144008576	CG	228	448	33	217	427	33
chr6	144008589	CG	217	428	33	222	433	33
chr6	144008595	CG	239	440	33	231	441	33
chr6	144008607	CG	211	425	33	202	421	33
chr6	144008612	CG	206	407	33	199	413	33
chr6	144008629	CG	178	362	33	197	422	33
chr6	144008643	CG	196	378	33	186	416	33
chr6	144008652	CG	187	372	33	192	400	33
chr6	144008665	CG	178	350	33	197	426	33
chr6	144008692	CG	166	332	33	182	399	33
chr6	144008694	CG	168	324	33	185	403	33
chr6	144008709	CG	143	265	33	167	341	33
chr6	144008750	CG	81	131	33	137	193	33
chr6	144008772	CG	54	107	34	94	177	33
chr6	144008785	CG	72	103	33	108	153	33
chr6	144008825	CG	60	75	34	72	90	33
chr6	160005401	CG	38	55	33	46	71	33
chr6	160005403	CG	36	57	33	43	77	33
chr6	160005413	CG	55	62	33	66	87	33
chr6	160005421	CG	41	60	33	66	96	33
chr6	160005424	CG	44	58	33	65	100	33
chr6	160005430	CG	47	68	33	67	114	33
chr6	160005450	CG	38	77	33	63	124	33
chr6	160005459	CG	55	97	33	72	127	33
chr6	160005462	CG	61	106	33	72	130	33
chr6	160005477	CG	97	130	33	94	131	33
chr6	160005482	CG	119	145	33	119	149	33
chr6	160005486	CG	92	154	33	87	157	33
chr6	160005495	CG	108	168	33	99	155	33
chr6	160005498	CG	120	174	33	113	168	33
chr6	160005514	CG	138	189	33	141	194	33
chr6	160005520	CG	124	201	33	141	227	33
chr6	160005526	CG	136	214	33	159	240	33
chr6	160005530	CG	167	219	33	190	248	33
chr6	160005550	CG	164	232	33	197	284	33
chr6	160005585	CG	201	309	33	234	321	33
chr6	160005592	CG	213	357	33	202	310	33
chr6	160005610	CG	224	401	33	149	278	33
chr6	160005658	CG	247	428	33	125	208	33
chr6	160005698	CG	231	394	33	118	201	33
chr6	160005717	CG	192	359	33	84	152	33
chr6	160005721	CG	189	354	33	76	126	33
chr6	160005739	CG	155	323	33	35	70	33
chr6	160005774	CG	166	287	33	99	175	33
chr6	160005776	CG	169	291	33	108	187	33
chr6	160005792	CG	202	358	33	119	237	33
chr6	160005832	CG	210	362	33	146	297	33
chr6	160005848	CG	199	369	33	169	348	33
chr6	160005850	CG	216	354	33	193	354	33
chr6	160005866	CG	215	389	33	178	366	33
chr6	160005868	CG	218	384	33	193	384	33
chr6	160005886	CG	250	394	33	248	401	33
chr6	160005894	CG	224	402	33	215	398	33
chr6	160005904	CG	227	405	33	217	375	33
chr6	160005912	CG	194	388	33	192	380	33
chr6	160005916	CG	195	373	33	187	370	33
chr6	160005919	CG	200	383	33	179	370	33
chr6	160005929	CG	174	365	33	198	398	33
chr6	160005940	CG	206	367	33	212	387	33
chr6	160005956	CG	193	361	33	190	394	33
chr6	160005970	CG	224	375	33	211	418	33
chr6	160005973	CG	239	393	33	210	407	33
chr6	160005978	CG	239	392	33	205	402	33
chr6	160005981	CG	243	386	33	202	395	33
chr6	160005983	CG	234	380	33	193	380	33
chr6	160005990	CG	232	387	33	169	383	33
chr6	160006008	CG	232	391	33	177	366	33
chr6	160006010	CG	229	393	33	179	376	33
chr6	160006061	CG	198	383	33	222	413	33
chr6	160006071	CG	188	381	34	229	413	33
chr6	160006082	CG	217	396	33	245	426	33
chr6	160006096	CG	196	353	33	229	416	33
chr6	160006120	CG	137	272	33	214	421	33
chr6	160006140	CG	128	265	33	208	407	33
chr6	160006142	CG	135	259	33	222	387	33
chr6	160006154	CG	115	243	33	206	380	33
chr6	160006156	CG	125	237	33	232	379	33
chr6	160006184	CG	135	259	33	223	432	33
chr6	160006193	CG	140	250	33	244	445	33
chr6	160006200	CG	150	266	33	226	418	33
chr6	160006202	CG	140	253	33	233	405	33
chr6	160006214	CG	164	304	33	222	360	33
chr6	160006216	CG	184	315	33	225	354	33
chr6	160006229	CG	208	404	33	235	395	33
chr6	160006231	CG	227	394	33	244	399	33
chr6	160006255	CG	264	462	33	213	429	33
chr6	160006268	CG	259	474	33	236	435	33
chr6	160006277	CG	258	457	33	238	441	33
chr6	160006284	CG	244	451	33	234	421	33
chr6	160006286	CG	230	442	33	217	426	33
chr6	160006303	CG	215	430	33	206	419	33
chr6	160006315	CG	208	402	33	205	422	33
chr6	160006329	CG	213	377	33	197	414	33
chr6	160006344	CG	202	395	33	163	355	33
chr6	160006359	CG	186	377	33	99	253	33
chr6	160006385	CG	173	354	33	160	309	33
chr6	160006394	CG	158	353	33	159	341	33
chr6	160006398	CG	180	364	33	171	346	33
chr6	160006421	CG	189	396	33	205	390	33
chr6	160006423	CG	192	401	33	207	396	33
chr6	160006437	CG	240	420	33	240	395	33
chr6	160006439	CG	217	435	33	205	391	33
chr6	160006454	CG	275	445	33	236	390	33
chr6	160006456	CG	221	430	33	226	395	33
chr6	160006469	CG	195	407	33	199	365	33
chr6	160006528	CG	156	233	33	115	167	33
chr6	160006584	CG	107	136	33	68	87	33
chr6	160006618	CG	75	105	33	44	61	33
chr6	169654367	CG	33	35	33	57	73	33
chr6	169654408	CG	72	83	34	96	130	33
chr6	169654449	CG	105	120	33	147	198	33
chr6	169654499	CG	111	171	33	168	288	33
chr6	169654505	CG	118	195	33	146	290	33
chr6	169654529	CG	135	215	33	162	284	33
chr6	169654546	CG	125	237	33	146	301	33
chr6	169654591	CG	124	284	33	124	322	33
chr6	169654634	CG	126	311	33	148	335	33
chr6	169654661	CG	138	354	33	140	343	33
chr6	169654671	CG	143	371	33	124	339	33
chr6	169654691	CG	150	420	33	120	331	33
chr6	169654707	CG	151	424	33	97	302	33
chr6	169654709	CG	147	431	33	97	309	33
chr6	169654726	CG	6	452	33	2	267	33
chr6	169654728	CG	144	458	33	81	271	33
chr6	169654742	CG	161	484	33	92	292	33
chr6	169654744	CG	149	474	33	94	297	33
chr6	169654758	CG	142	476	33	93	330	33
chr6	169654761	CG	145	479	33	100	310	33
chr6	169654763	CG	141	471	33	117	334	33
chr6	169654780	CG	150	494	33	126	345	33
chr6	169654782	CG	141	486	33	118	335	33
chr6	169654793	CG	163	509	33	92	288	33
chr6	169654799	CG	166	513	33	84	257	33
chr6	169654801	CG	168	494	33	86	259	33
chr6	169654820	CG	155	470	33	48	200	33
chr6	169654834	CG	161	471	33	62	231	33
chr6	169654839	CG	164	494	33	73	241	33
chr6	169654858	CG	148	436	33	101	266	33
chr6	169654872	CG	143	421	33	114	275	33
chr6	169654874	CG	145	424	33	116	276	33
chr6	169654900	CG	165	441	33	121	288	33
chr6	169654923	CG	166	445	33	117	288	33
chr6	169654985	CG	112	339	33	109	271	33
chr6	169654999	CG	116	367	33	120	314	33
chr6	169655009	CG	132	402	33	117	307	33
chr6	169655031	CG	135	387	33	117	300	33
chr6	169655043	CG	111	359	33	124	282	33
chr6	169655059	CG	73	285	33	130	302	33
chr6	169655076	CG	103	305	33	128	308	33
chr6	169655097	CG	125	345	33	124	292	33
chr6	169655109	CG	137	358	33	109	286	33
chr6	169655128	CG	141	336	33	102	281	33
chr6	169655188	CG	123	348	33	118	340	33
chr6	169655195	CG	125	378	33	128	342	33
chr6	169655220	CG	4	208	33	0	346	33
chr6	169655233	CG	153	394	33	150	347	33
chr6	169655236	CG	142	393	33	141	354	33
chr6	169655288	CG	112	304	33	151	389	33
chr6	169655298	CG	114	297	33	137	373	33
chr6	169655320	CG	113	283	33	147	382	33
chr6	169655337	CG	123	286	33	151	371	33
chr6	169655363	CG	106	282	33	122	348	33
chr6	169655427	CG	110	229	33	132	312	33
chr6	169655449	CG	126	174	33	195	311	33
chr6	169655464	CG	120	136	33	260	293	33
chr6	169655487	CG	99	114	33	217	241	33
chr6	169655521	CG	92	121	34	140	183	33
chr6	169655550	CG	78	89	33	136	143	34
chr7	50781029	CG	61	64	34	154	191	33
chr7	50781067	CG	86	87	33	291	331	33
chr7	50781176	CG	185	208	33	267	324	33
chr7	50781246	CG	235	266	33	358	404	33
chr7	50781256	CG	249	270	33	368	408	33
chr7	50781258	CG	256	286	33	375	418	33
chr7	50781267	CG	251	276	33	351	397	33
chr7	50781399	CG	284	340	33	327	441	33
chr7	50781420	CG	268	335	33	360	459	33
chr7	50781448	CG	247	344	33	365	519	33
chr7	50781471	CG	194	339	34	272	518	33
chr7	50781483	CG	259	330	33	399	489	33
chr7	50781491	CG	217	329	33	303	488	33
chr7	50781509	CG	238	328	33	311	446	33
chr7	50781553	CG	186	346	33	215	351	33
chr7	50781588	CG	246	320	33	235	333	33
chr7	50781611	CG	257	314	33	258	335	33
chr7	50781632	CG	225	279	33	282	351	33
chr7	50781638	CG	228	281	33	315	374	33
chr7	50781644	CG	211	294	33	268	359	33
chr7	50781699	CG	254	296	33	278	338	33
chr7	50781711	CG	256	293	33	299	341	33
chr7	50781718	CG	281	326	33	300	354	33
chr7	50781736	CG	288	321	33	331	370	33
chr7	50781767	CG	265	312	33	284	369	33
chr7	50781774	CG	252	301	33	295	377	33
chr7	50781814	CG	205	252	33	267	366	33
chr7	50781905	CG	192	260	33	217	270	33
chr7	50781916	CG	224	251	33	245	274	33
chr7	50781942	CG	229	265	33	240	288	33
chr7	50782013	CG	176	282	33	187	342	33
chr7	50782026	CG	182	304	33	206	370	33
chr7	50782056	CG	199	311	33	247	397	33
chr7	50782069	CG	196	313	33	239	377	33
chr7	50782086	CG	165	286	33	192	349	33
chr7	50782097	CG	177	296	33	204	350	33
chr7	50782101	CG	165	292	33	199	361	33
chr7	50782108	CG	144	308	33	188	373	33
chr7	50782112	CG	131	300	33	185	390	33
chr7	50782117	CG	137	312	33	164	368	33
chr7	50782120	CG	136	317	33	175	377	33
chr7	50782125	CG	138	311	33	189	377	33
chr7	50782133	CG	135	299	33	191	389	33
chr7	50782152	CG	112	315	33	154	356	33
chr7	50782213	CG	163	342	33	175	353	33
chr7	50782219	CG	173	356	33	166	335	33
chr7	50782226	CG	173	372	33	154	317	33
chr7	50782234	CG	196	391	33	160	330	33
chr7	50782244	CG	200	397	33	163	325	33
chr7	50782250	CG	200	413	33	171	336	33
chr7	50782252	CG	211	423	33	167	334	33
chr7	50782259	CG	211	435	33	169	331	33
chr7	50782271	CG	194	413	33	163	332	33
chr7	50782273	CG	204	417	33	160	327	33
chr7	50782275	CG	211	422	33	164	338	33
chr7	50782289	CG	187	388	33	177	341	33
chr7	50782300	CG	184	390	33	166	363	33
chr7	50782311	CG	190	389	33	180	373	33
chr7	50782314	CG	191	389	33	179	367	33
chr7	50782316	CG	194	394	33	178	369	33
chr7	50782320	CG	196	407	33	172	365	33
chr7	50782338	CG	200	431	33	189	356	33
chr7	50782345	CG	223	461	33	192	359	33
chr7	50782350	CG	230	477	33	194	347	33
chr7	50782354	CG	238	467	33	188	338	33
chr7	50782357	CG	236	480	33	188	341	33
chr7	50782362	CG	228	478	33	181	321	33
chr7	50782367	CG	233	486	33	183	308	33
chr7	50782369	CG	236	486	33	181	292	33
chr7	50782376	CG	235	511	33	159	252	33
chr7	50782383	CG	208	476	33	155	256	33
chr7	50782390	CG	210	471	33	146	256	33
chr7	50782397	CG	216	460	33	145	271	33
chr7	50782401	CG	209	448	33	155	283	33
chr7	50782403	CG	204	431	33	145	289	33
chr7	50782406	CG	214	439	33	143	287	33
chr7	50782432	CG	170	368	33	150	323	33
chr7	50782436	CG	173	367	33	155	323	33
chr7	50782449	CG	189	408	33	181	348	33
chr7	50782453	CG	194	411	33	187	360	33
chr7	50782459	CG	197	428	33	205	377	33
chr7	50782464	CG	204	447	33	207	383	33
chr7	50782470	CG	203	437	33	219	387	33
chr7	50782473	CG	212	440	33	209	379	33
chr7	50782476	CG	212	454	33	212	388	33
chr7	50782481	CG	214	459	33	223	400	33
chr7	50782493	CG	227	475	33	247	439	33
chr7	50782500	CG	227	451	33	235	435	33
chr7	50782507	CG	237	469	33	228	416	33
chr7	50782516	CG	227	439	33	213	409	33
chr7	50782519	CG	230	447	33	208	402	33
chr7	50782521	CG	222	434	33	207	415	33
chr7	50782530	CG	218	441	33	198	422	33
chr7	50782535	CG	216	449	33	193	417	33
chr7	50782546	CG	209	422	33	176	386	33
chr7	50782550	CG	208	412	33	168	385	33
chr7	50782556	CG	214	418	33	187	412	33
chr7	50782561	CG	222	432	33	186	421	33
chr7	50782576	CG	206	432	33	209	451	33
chr7	50782582	CG	228	452	33	215	447	33
chr7	50782587	CG	227	439	33	211	440	33
chr7	50782601	CG	230	435	33	226	468	33
chr7	50782604	CG	234	439	33	226	464	33
chr7	50782614	CG	214	431	33	225	476	33
chr7	50782619	CG	219	433	33	224	480	33
chr7	50782627	CG	220	417	33	226	467	33
chr7	50782636	CG	227	428	34	220	462	33
chr7	50782638	CG	219	415	33	223	470	33
chr7	50782640	CG	214	405	33	217	471	33
chr7	50782647	CG	196	392	33	198	450	33
chr7	50782651	CG	199	405	33	160	399	33
chr7	50782653	CG	196	393	33	207	448	33
chr7	50782661	CG	200	408	33	220	474	33
chr7	50782668	CG	188	398	33	235	472	33
chr7	50782676	CG	187	388	33	233	474	33
chr7	50782679	CG	194	395	33	220	485	33
chr7	50782691	CG	188	382	33	223	484	33
chr7	50782698	CG	185	381	33	226	493	33
chr7	50782702	CG	206	398	33	211	495	33
chr7	50782716	CG	223	413	33	221	495	33
chr7	50782718	CG	221	416	33	221	501	33
chr7	50782724	CG	222	421	33	211	497	33
chr7	50782728	CG	247	450	33	222	520	33
chr7	50782732	CG	256	460	33	221	519	33
chr7	50782738	CG	257	465	33	229	520	34
chr7	50782751	CG	253	454	33	233	506	33
chr7	50782762	CG	243	449	33	231	481	33
chr7	50782772	CG	226	436	33	220	462	33
chr7	50782784	CG	228	444	33	214	436	33
chr7	50782786	CG	224	431	33	211	443	33
chr7	50782792	CG	200	415	33	210	439	33
chr7	50782799	CG	209	426	33	220	435	33
chr7	50782803	CG	200	419	33	221	432	33
chr7	50782823	CG	216	437	33	220	464	33
chr7	50782835	CG	196	398	33	222	474	33
chr7	50782848	CG	185	377	33	205	453	33
chr7	50782856	CG	189	371	33	217	466	33
chr7	50782859	CG	200	373	33	220	471	33
chr7	50782867	CG	199	388	33	204	462	33
chr7	50782871	CG	197	375	33	197	458	33
chr7	50782915	CG	203	400	33	255	495	33
chr7	50782917	CG	211	414	33	252	488	33
chr7	50782923	CG	207	421	33	236	469	33
chr7	50782931	CG	208	429	33	243	469	33
chr7	50782935	CG	207	424	33	237	465	33
chr7	50782938	CG	201	421	33	225	464	33
chr7	50782963	CG	188	410	33	224	472	33
chr7	50783041	CG	128	261	33	148	341	33
chr7	50783058	CG	154	284	33	184	441	33
chr7	50783060	CG	161	289	33	191	446	33
chr7	50783079	CG	167	313	33	198	454	33
chr7	50783085	CG	161	313	33	212	473	33
chr7	50783106	CG	178	336	33	206	433	33
chr7	50783111	CG	182	339	33	199	425	33
chr7	50783114	CG	184	338	33	194	431	33
chr7	50783120	CG	177	339	33	197	428	33
chr7	50783130	CG	180	347	33	182	432	33
chr7	50783140	CG	180	373	33	196	438	33
chr7	50783142	CG	176	358	33	199	441	33
chr7	50783146	CG	173	366	33	186	414	33
chr7	50783148	CG	175	365	33	193	427	33
chr7	50783165	CG	174	361	33	205	437	33
chr7	50783173	CG	151	334	33	185	425	33
chr7	50783197	CG	128	292	33	176	382	33
chr7	50783227	CG	96	238	33	179	355	33
chr7	50783303	CG	89	209	33	149	357	33
chr7	50783316	CG	93	207	33	187	391	33
chr7	50783354	CG	79	139	33	184	346	33
chr7	50783555	CG	3	3	34	354	405	33
chr7	50783584	CG	2	2	34	187	330	33
chr7	50783614	CG	0	1	26	106	226	33
chr7	50783634	CG	.	.	.	143	181	34
chr7	94656189	CG	6	140	34	0	15	33
chr7	94656199	CG	0	169	33	0	14	34
chr7	94656208	CG	2	185	33	0	25	34
chr7	94656222	CG	2	189	33	0	33	34
chr7	94656225	CG	4	189	33	0	32	34
chr7	94656238	CG	7	188	33	0	30	33
chr7	94656247	CG	5	187	33	0	27	33
chr7	94656272	CG	15	251	33	4	20	33
chr7	94656296	CG	18	302	33	1	79	32
chr7	94656298	CG	14	305	33	5	99	33
chr7	94656305	CG	14	311	33	2	113	33
chr7	94656318	CG	32	346	33	10	123	33
chr7	94656330	CG	44	328	33	19	179	33
chr7	94656360	CG	152	322	33	106	194	33
chr7	94656373	CG	138	337	33	106	214	33
chr7	94656375	CG	153	338	33	126	222	33
chr7	94656386	CG	140	332	33	120	239	33
chr7	94656400	CG	156	363	33	128	245	33
chr7	94656416	CG	179	383	33	127	253	33
chr7	94656433	CG	202	393	33	141	273	33
chr7	94656447	CG	202	407	33	134	299	33
chr7	94656456	CG	192	383	33	152	318	33
chr7	94656465	CG	204	392	33	162	334	33
chr7	94656472	CG	201	402	33	161	344	33
chr7	94656480	CG	205	428	33	153	338	33
chr7	94656484	CG	211	425	33	163	344	33
chr7	94656495	CG	201	423	33	154	345	33
chr7	94656502	CG	196	426	33	160	330	33
chr7	94656521	CG	189	419	33	158	309	33
chr7	94656523	CG	194	406	33	171	316	33
chr7	94656561	CG	194	402	33	180	343	33
chr7	94656575	CG	191	395	33	181	353	33
chr7	94656577	CG	168	389	33	171	348	33
chr7	94656590	CG	187	385	33	158	342	33
chr7	94656599	CG	181	365	33	168	341	33
chr7	94656619	CG	155	334	33	166	335	33
chr7	94656630	CG	162	352	33	182	343	33
chr7	94656639	CG	153	345	33	187	347	33
chr7	94656648	CG	152	339	33	174	330	33
chr7	94656681	CG	123	279	33	153	293	33
chr7	94656695	CG	137	287	33	155	295	33
chr7	94656774	CG	162	337	33	153	287	33
chr7	94656798	CG	164	327	33	167	312	33
chr7	94656819	CG	156	315	33	158	314	33
chr7	94656837	CG	151	304	33	158	310	33
chr7	94656862	CG	160	299	33	167	319	33
chr7	94656896	CG	161	284	33	199	359	33
chr7	94656907	CG	157	288	33	193	365	33
chr7	94656920	CG	159	304	33	179	356	33
chr7	94656931	CG	168	322	34	164	342	33
chr7	94656942	CG	179	347	33	166	356	33
chr7	94656949	CG	188	355	33	161	341	33
chr7	94656951	CG	191	359	33	158	337	33
chr7	94656955	CG	189	360	33	152	331	33
chr7	94656982	CG	201	370	34	143	302	33
chr7	94656992	CG	180	346	33	149	320	33
chr7	94657009	CG	179	352	33	135	308	33
chr7	94657031	CG	165	333	33	140	310	33
chr7	94657039	CG	162	340	33	146	307	33
chr7	94657050	CG	172	335	33	141	305	33
chr7	94657065	CG	162	335	33	128	302	33
chr7	94657075	CG	160	330	33	136	301	33
chr7	94657108	CG	138	299	33	132	303	33
chr7	94657119	CG	141	295	33	150	326	33
chr7	94657161	CG	162	304	33	148	323	33
chr7	94657172	CG	156	319	34	154	331	33
chr7	94657177	CG	172	323	33	155	326	33
chr7	94657190	CG	170	331	33	165	341	33
chr7	94657199	CG	182	348	33	170	344	33
chr7	94657209	CG	177	335	33	170	350	33
chr7	94657214	CG	188	343	33	168	360	33
chr7	94657247	CG	154	303	33	147	312	33
chr7	94657314	CG	156	310	33	151	325	33
chr7	94657320	CG	168	321	33	157	319	33
chr7	94657338	CG	161	323	33	147	300	33
chr7	94657357	CG	174	328	33	137	294	33
chr7	94657441	CG	138	270	33	118	267	33
chr7	94657448	CG	142	290	33	121	271	33
chr7	94657481	CG	153	307	33	110	248	33
chr7	94657522	CG	170	340	33	112	227	33
chr7	94657624	CG	145	298	33	134	218	33
chr7	94657641	CG	148	318	33	139	223	33
chr7	94657643	CG	147	313	33	141	226	33
chr7	94657651	CG	143	312	33	134	205	33
chr7	94657695	CG	128	273	33	100	181	33
chr7	94657786	CG	38	79	33	79	203	33
chr7	94657789	CG	36	72	33	78	208	33
chr7	94657849	CG	87	223	33	171	390	33
chr7	94657874	CG	92	238	33	199	447	33
chr7	94657884	CG	95	248	33	199	453	33
chr7	94657899	CG	94	244	33	200	470	33
chr7	94657912	CG	120	270	33	196	460	33
chr7	94657914	CG	122	271	33	196	470	33
chr7	94657928	CG	140	302	33	223	482	33
chr7	94657930	CG	139	296	33	238	499	33
chr7	94657943	CG	157	315	33	205	476	33
chr7	94657945	CG	164	317	33	208	498	33
chr7	94657958	CG	164	321	33	220	506	33
chr7	94657992	CG	134	282	33	263	583	33
chr7	94658056	CG	151	329	33	476	1033	33
chr7	94658071	CG	153	317	33	665	1293	33
chr7	94658110	CG	163	360	33	878	1833	33
chr7	94658146	CG	134	307	33	800	1778	33
chr7	94658155	CG	115	267	33	774	1717	33
chr7	94658161	CG	112	255	33	711	1528	33
chr7	94658206	CG	47	105	33	135	193	33
chr7	94658236	CG	51	120	33	.	.	.
chr7	94658251	CG	67	155	33	.	.	.
chr7	94658296	CG	49	133	33	.	.	.
chr7	94658371	CG	145	264	33	500	988	33
chr7	94658386	CG	205	438	33	649	1284	33
chr7	94658431	CG	226	541	33	560	1370	33
chr7	94658461	CG	200	459	33	501	1155	33
chr7	94658502	CG	152	345	33	502	912	33
chr7	94658535	CG	136	294	33	257	566	33
chr7	94658550	CG	138	288	33	210	460	33
chr7	94658582	CG	113	245	33	169	360	33
chr7	94658585	CG	117	267	33	166	364	33
chr7	94658601	CG	125	266	33	173	352	33
chr7	94658637	CG	95	204	33	131	262	33
chr7	94658647	CG	82	183	33	110	243	33
chr7	130490281	CG	56	100	34	55	117	33
chr7	130490314	CG	95	173	33	91	182	33
chr7	130490331	CG	135	236	33	120	223	33
chr7	130490346	CG	144	269	33	120	244	33
chr7	130490348	CG	160	273	33	134	249	33
chr7	130490362	CG	169	279	33	136	251	33
chr7	130490372	CG	180	281	33	151	264	33
chr7	130490379	CG	170	274	33	136	241	33
chr7	130490388	CG	147	263	33	147	265	33
chr7	130490447	CG	116	246	33	180	325	33
chr7	130490479	CG	129	213	33	189	316	33
chr7	130490536	CG	148	291	33	164	297	33
chr7	130490542	CG	146	316	33	153	296	33
chr7	130490547	CG	195	337	33	167	299	33
chr7	130490606	CG	189	352	33	168	302	33
chr7	130490637	CG	170	321	33	132	258	33
chr7	130490640	CG	170	318	33	133	254	33
chr7	130490707	CG	154	314	33	163	334	33
chr7	130490720	CG	154	321	33	161	324	33
chr7	130490725	CG	153	329	33	143	330	33
chr7	130490747	CG	164	322	33	162	287	33
chr7	130490755	CG	141	319	33	141	292	33
chr7	130490880	CG	175	337	33	192	333	33
chr7	130490899	CG	161	352	33	184	364	33
chr7	130490906	CG	162	358	33	190	378	33
chr7	130490912	CG	164	364	33	209	389	33
chr7	130490918	CG	181	394	33	211	410	33
chr7	130490932	CG	182	395	33	209	418	33
chr7	130490934	CG	193	408	33	207	419	33
chr7	130490945	CG	182	402	33	212	424	33
chr7	130490954	CG	187	395	33	219	420	33
chr7	130490975	CG	160	368	33	194	392	33
chr7	130490977	CG	159	361	33	195	397	33
chr7	130490986	CG	133	324	33	202	408	33
chr7	130490991	CG	158	352	33	203	409	33
chr7	130490995	CG	174	363	33	207	415	33
chr7	130491001	CG	160	362	33	200	410	33
chr7	130491018	CG	201	406	33	213	437	33
chr7	130491036	CG	225	434	33	223	465	33
chr7	130491043	CG	216	426	33	219	455	33
chr7	130491047	CG	216	417	33	218	451	33
chr7	130491051	CG	202	407	33	226	442	33
chr7	130491056	CG	184	385	33	227	437	33
chr7	130491064	CG	162	351	33	213	406	33
chr7	130491068	CG	160	343	33	216	414	33
chr7	130491077	CG	166	338	33	195	398	33
chr7	130491103	CG	147	295	33	165	320	33
chr7	130491129	CG	132	280	33	126	270	33
chr7	130491154	CG	150	306	33	144	284	33
chr7	130491244	CG	161	326	33	149	276	33
chr7	130491295	CG	185	365	33	176	321	33
chr7	130491297	CG	181	372	33	174	322	33
chr7	130491302	CG	166	382	33	162	306	33
chr7	130491305	CG	179	392	33	163	309	33
chr7	130491314	CG	181	394	33	167	300	33
chr7	130491318	CG	192	413	33	162	304	33
chr7	130491326	CG	192	416	33	160	309	33
chr7	130491332	CG	196	416	33	166	310	33
chr7	130491348	CG	210	427	33	187	351	33
chr7	130491366	CG	205	423	33	176	372	33
chr7	130491369	CG	207	418	33	178	371	33
chr7	130491371	CG	207	407	33	180	378	33
chr7	130491395	CG	198	402	33	151	344	33
chr7	130491397	CG	208	404	33	148	337	33
chr7	130491402	CG	209	408	33	149	345	33
chr7	130491405	CG	211	418	33	146	344	33
chr7	130491417	CG	204	419	33	157	333	33
chr7	130491427	CG	208	423	33	165	331	33
chr7	130491518	CG	186	406	33	167	335	33
chr7	130491526	CG	200	427	33	156	330	33
chr7	130491544	CG	200	428	33	153	310	33
chr7	130491562	CG	193	411	33	159	332	33
chr7	130491575	CG	190	403	33	172	357	33
chr7	130491582	CG	189	404	33	184	361	33
chr7	130491594	CG	191	390	33	178	373	33
chr7	130491608	CG	188	383	33	186	376	33
chr7	130491613	CG	186	390	33	178	375	33
chr7	130491617	CG	186	396	33	167	385	33
chr7	130491634	CG	208	380	33	187	392	33
chr7	130491639	CG	195	382	33	170	372	33
chr7	130491643	CG	189	374	33	171	364	33
chr7	130491674	CG	185	366	33	157	309	33
chr7	130491678	CG	186	365	33	147	295	33
chr7	130491725	CG	187	403	33	121	270	33
chr7	130491792	CG	202	409	33	135	239	33
chr7	130491835	CG	190	376	33	127	244	34
chr7	130491850	CG	197	385	33	134	262	33
chr7	130491857	CG	190	380	33	136	274	33
chr7	130491868	CG	189	372	33	137	282	33
chr7	130491889	CG	154	340	33	161	339	33
chr7	130491956	CG	141	317	33	120	260	33
chr7	130491967	CG	141	322	33	131	284	33
chr7	130491985	CG	164	354	33	138	301	33
chr7	130491988	CG	166	350	33	139	311	33
chr7	130492004	CG	154	310	33	146	343	33
chr7	130492018	CG	133	276	33	153	355	33
chr7	130492021	CG	135	258	33	155	366	33
chr7	130492028	CG	123	238	33	166	378	33
chr7	130492039	CG	88	175	32	167	374	33
chr7	130492044	CG	104	213	33	165	384	33
chr7	130492046	CG	99	193	33	168	397	33
chr7	130492064	CG	131	304	33	164	399	33
chr7	130492075	CG	146	327	33	175	414	33
chr7	130492080	CG	143	324	33	182	424	33
chr7	130492082	CG	149	328	33	174	419	33
chr7	130492088	CG	153	339	33	166	410	33
chr7	130492090	CG	161	341	33	163	412	33
chr7	130492107	CG	169	363	33	171	427	33
chr7	130492121	CG	178	373	33	184	433	33
chr7	130492130	CG	185	387	33	187	441	33
chr7	130492135	CG	186	390	33	178	435	33
chr7	130492141	CG	210	417	33	182	437	33
chr7	130492149	CG	195	407	33	172	426	33
chr7	130492154	CG	185	392	33	166	414	33
chr7	130492158	CG	188	398	33	161	404	33
chr7	130492161	CG	197	407	33	154	401	33
chr7	130492180	CG	197	403	33	168	402	33
chr7	130492183	CG	199	390	33	169	394	33
chr7	130492185	CG	205	400	33	168	390	33
chr7	130492188	CG	190	388	33	174	396	33
chr7	130492191	CG	211	419	33	167	389	33
chr7	130492198	CG	205	412	33	162	370	34
chr7	130492200	CG	203	411	33	161	371	33
chr7	130492214	CG	224	444	33	157	368	33
chr7	130492221	CG	219	435	33	147	373	33
chr7	130492227	CG	227	444	33	156	384	33
chr7	130492247	CG	225	447	33	141	351	33
chr7	130492253	CG	225	452	33	134	348	33
chr7	130492262	CG	223	448	33	147	357	33
chr7	130492265	CG	226	441	33	153	359	33
chr7	130492269	CG	225	440	33	159	388	33
chr7	130492282	CG	239	476	33	170	383	33
chr7	130492287	CG	235	471	33	165	377	33
chr7	130492290	CG	246	481	33	162	368	33
chr7	130492294	CG	242	475	33	177	378	33
chr7	130492307	CG	227	476	33	178	379	33
chr7	130492309	CG	230	467	33	178	390	33
chr7	130492320	CG	231	480	33	180	376	33
chr7	130492323	CG	235	488	33	172	368	33
chr7	130492329	CG	228	503	33	164	346	33
chr7	130492335	CG	241	511	33	157	333	33
chr7	130492349	CG	228	499	33	162	327	33
chr7	130492358	CG	219	499	33	139	312	33
chr7	130492375	CG	212	466	33	142	299	33
chr7	130492392	CG	195	429	33	151	294	33
chr7	130492398	CG	192	433	33	149	301	33
chr7	130492402	CG	183	426	33	152	308	33
chr7	130492418	CG	180	414	33	162	324	33
chr7	130492424	CG	176	402	33	161	342	33
chr7	130492445	CG	179	364	33	169	348	33
chr7	130492457	CG	181	376	33	183	361	33
chr7	130492464	CG	185	372	33	174	335	33
chr7	130492469	CG	193	379	33	176	335	33
chr7	130492476	CG	187	382	33	172	328	33
chr7	130492478	CG	189	378	33	167	327	33
chr7	130492482	CG	188	389	33	162	318	33
chr7	130492519	CG	163	354	33	147	276	33
chr7	130492538	CG	157	321	33	150	284	33
chr7	130492540	CG	160	324	33	158	292	33
chr7	130492572	CG	148	322	34	160	305	33
chr7	130492578	CG	146	322	33	152	289	33
chr7	130492581	CG	145	322	33	141	283	33
chr7	130492612	CG	156	302	33	155	259	33
chr7	130492664	CG	181	296	33	139	263	33
chr7	130492701	CG	158	293	33	127	250	33
chr7	130492765	CG	159	301	33	110	233	33
chr7	130492796	CG	212	304	33	173	259	33
chr7	130492812	CG	183	312	33	162	279	33
chr7	130492833	CG	221	348	33	192	295	33
chr7	130492836	CG	190	344	33	165	283	33
chr7	130492842	CG	183	330	33	168	292	34
chr7	130492847	CG	198	344	33	162	281	33
chr7	130492849	CG	194	339	33	151	282	33
chr7	130492870	CG	194	345	33	135	247	33
chr7	130492886	CG	199	348	33	145	255	33
chr7	130492914	CG	180	324	33	134	275	33
chr7	130492924	CG	175	325	33	139	298	33
chr7	130492949	CG	177	337	33	181	338	33
chr7	130492959	CG	175	341	33	182	335	33
chr7	130492981	CG	177	345	33	187	334	34
chr7	130492990	CG	175	351	33	200	354	33
chr7	130492995	CG	184	346	33	206	347	33
chr7	130493016	CG	185	354	33	184	333	33
chr7	130493025	CG	180	347	33	190	339	33
chr7	130493033	CG	185	350	33	192	344	33
chr7	130493039	CG	182	346	33	192	355	33
chr7	130493042	CG	184	349	33	181	347	33
chr7	130493044	CG	183	343	33	177	347	33
chr7	130493078	CG	183	336	33	175	355	33
chr7	130493084	CG	184	334	33	170	351	33
chr7	130493094	CG	176	332	33	158	345	33
chr7	130493110	CG	181	350	33	148	312	33
chr7	130493119	CG	195	358	33	150	311	33
chr7	130493126	CG	204	371	33	138	291	33
chr7	130493159	CG	189	372	33	124	280	33
chr7	130493161	CG	182	364	33	102	267	33
chr7	130493171	CG	201	383	33	119	274	33
chr7	130493174	CG	193	375	33	114	267	33
chr7	130493198	CG	236	392	33	157	286	33
chr7	130493222	CG	207	380	33	141	259	33
chr7	130493224	CG	200	378	33	137	263	33
chr7	130493242	CG	185	383	33	134	265	33
chr7	130493247	CG	185	374	33	134	257	33
chr7	130493249	CG	185	379	33	128	252	33
chr7	130493252	CG	185	365	33	129	247	33
chr7	130493255	CG	194	377	33	129	244	33
chr7	130493269	CG	185	373	33	123	231	33
chr7	130493292	CG	166	355	33	101	191	33
chr7	130493380	CG	178	303	33	141	197	33
chr7	130493449	CG	90	294	33	60	210	33
chr7	130493610	CG	128	375	33	84	238	33
chr7	130493619	CG	85	389	33	82	262	33
chr7	130493650	CG	148	378	33	117	322	33
chr7	130493653	CG	174	385	33	148	333	33
chr7	130493674	CG	131	361	33	118	346	33
chr7	130493683	CG	102	350	33	121	319	33
chr7	130493692	CG	60	347	33	70	317	33
chr7	130493738	CG	47	363	33	47	262	33
chr7	130493750	CG	84	343	33	70	237	33
chr7	130493841	CG	102	236	33	71	183	33
chr7	130494000	CG	198	286	33	83	133	33
chr7	130494196	CG	84	295	33	45	121	33
chr7	130494200	CG	65	289	33	38	128	33
chr7	130494244	CG	65	254	33	45	173	33
chr7	130494415	CG	87	248	33	68	217	33
chr7	130494546	CG	45	115	33	44	113	33
chr7	138663278	CG	80	94	34	75	84	33
chr7	138663373	CG	159	169	34	190	208	33
chr7	138663386	CG	199	201	33	226	237	33
chr7	138663390	CG	216	220	33	229	242	33
chr7	138663407	CG	261	265	33	252	269	33
chr7	138663413	CG	267	284	33	270	277	33
chr7	138663480	CG	131	135	33	210	217	33
chr7	138663639	CG	62	126	33	147	264	33
chr7	138663807	CG	75	286	33	81	303	33
chr7	138663842	CG	61	299	33	55	273	33
chr7	138663893	CG	53	247	33	60	315	33
chr7	138663899	CG	32	239	33	36	312	33
chr7	138664002	CG	13	249	33	31	332	33
chr7	138664014	CG	47	263	33	55	320	33
chr7	138664029	CG	118	262	33	136	335	33
chr7	138664052	CG	84	269	34	81	339	33
chr7	138664057	CG	133	281	33	157	340	33
chr7	138664097	CG	166	353	33	149	341	33
chr7	138664101	CG	161	348	33	140	352	33
chr7	138664137	CG	126	298	33	163	380	33
chr7	138664146	CG	84	303	33	100	378	33
chr7	138664218	CG	92	265	33	115	269	33
chr7	138664232	CG	102	303	33	133	321	33
chr7	138664234	CG	112	312	33	139	328	33
chr7	138664236	CG	112	306	33	140	339	33
chr7	138664248	CG	115	325	33	152	385	33
chr7	138664250	CG	116	318	33	171	409	33
chr7	138664252	CG	119	313	33	183	425	33
chr7	138664267	CG	124	319	33	180	442	33
chr7	138664284	CG	105	253	33	189	454	33
chr7	138664290	CG	117	254	33	198	459	33
chr7	138664292	CG	113	242	33	200	451	33
chr7	138664324	CG	64	178	33	133	385	33
chr7	138664347	CG	62	163	33	105	320	33
chr7	138664351	CG	62	153	33	105	311	33
chr7	138664355	CG	67	155	33	108	309	33
chr7	138664370	CG	53	128	33	105	270	33
chr7	138664387	CG	47	92	33	97	248	33
chr7	138664393	CG	41	83	33	99	237	33
chr7	138664411	CG	23	58	33	101	240	33
chr7	138664413	CG	23	49	34	98	239	33
chr7	138664435	CG	17	47	33	90	224	33
chr7	138664451	CG	12	27	34	97	237	33
chr7	138664455	CG	12	24	34	104	248	33
chr7	138664470	CG	9	18	34	117	235	33
chr7	138664510	CG	3	4	34	117	189	33
chr7	138664514	CG	3	5	34	121	189	33
chr7	138664516	CG	4	6	34	119	180	33
chr7	138664518	CG	4	6	34	115	172	33
chr7	138664520	CG	3	5	32	121	184	33
chr7	138664531	CG	3	4	34	146	213	33
chr7	138664556	CG	2	3	34	194	257	33
chr7	138664558	CG	2	3	34	193	254	33
chr7	138664560	CG	2	3	34	198	260	33
chr7	138664575	CG	1	1	34	201	256	33
chr7	138664592	CG	1	1	34	164	204	33
chr7	138664598	CG	0	1	34	159	193	33
chr7	138664621	CG	.	.	.	130	158	33
chr7	138664623	CG	.	.	.	125	154	33
chr7	138664643	CG	.	.	.	112	141	33
chr7	138664654	CG	.	.	.	109	142	33
chr7	138664658	CG	.	.	.	98	128	33
chr7	138664660	CG	.	.	.	93	123	33
chr7	138664662	CG	.	.	.	86	117	33
chr7	155070971	CG	27	157	33	25	120	33
chr7	155070980	CG	21	165	33	20	135	33
chr7	155070987	CG	46	174	33	37	137	32
chr7	155070997	CG	50	168	34	38	151	33
chr7	155071009	CG	80	189	34	61	173	33
chr7	155071016	CG	122	213	33	90	173	33
chr7	155071054	CG	207	348	33	160	269	33
chr7	155071057	CG	121	377	33	86	280	33
chr7	155071060	CG	92	383	33	98	292	33
chr7	155071064	CG	220	398	33	170	305	33
chr7	155071087	CG	103	370	33	87	342	33
chr7	155071098	CG	126	376	33	112	371	33
chr7	155071104	CG	182	381	33	168	366	33
chr7	155071116	CG	205	369	33	188	367	33
chr7	155071118	CG	131	367	33	119	368	33
chr7	155071148	CG	211	376	33	224	381	33
chr7	155071153	CG	281	389	33	313	402	33
chr7	155071169	CG	251	389	33	277	396	33
chr7	155071171	CG	215	389	33	237	398	33
chr7	155071183	CG	248	392	33	271	396	33
chr7	155071199	CG	242	407	33	277	419	33
chr7	155071208	CG	324	407	33	324	420	33
chr7	155071212	CG	211	397	33	222	412	33
chr7	155071215	CG	274	404	33	285	416	33
chr7	155071230	CG	226	382	33	269	412	33
chr7	155071253	CG	289	398	33	285	386	33
chr7	155071255	CG	190	408	33	202	393	33
chr7	155071259	CG	297	407	33	290	389	33
chr7	155071262	CG	250	399	33	244	385	33
chr7	155071276	CG	262	367	33	260	391	33
chr7	155071292	CG	191	363	33	194	419	33
chr7	155071297	CG	247	361	33	274	428	33
chr7	155071314	CG	260	337	33	343	472	33
chr7	155071330	CG	232	331	33	326	463	33
chr7	155071332	CG	268	327	33	393	472	33
chr7	155071348	CG	199	327	33	300	465	33
chr7	155071353	CG	233	319	33	334	447	33
chr7	155071359	CG	204	316	33	259	428	33
chr7	155071367	CG	203	322	33	273	414	33
chr7	155071376	CG	149	330	33	178	415	33
chr7	155071385	CG	233	334	33	290	401	33
chr7	155071387	CG	197	328	33	224	403	33
chr7	155071406	CG	245	357	33	269	396	33
chr7	155071426	CG	170	368	33	160	361	33
chr7	155071450	CG	218	348	33	201	329	33
chr7	155071466	CG	214	373	33	191	342	33
chr7	155071485	CG	285	388	33	289	370	33
chr7	155071487	CG	241	387	33	237	367	33
chr7	155071499	CG	307	392	33	269	358	33
chr7	155071502	CG	280	390	33	245	350	33
chr7	155071514	CG	251	361	33	258	362	33
chr7	155071520	CG	255	365	33	220	340	33
chr7	155071534	CG	232	350	33	214	314	33
chr7	155071553	CG	216	341	33	211	310	33
chr7	155071587	CG	265	325	33	251	305	33
chr7	155071589	CG	216	325	33	207	308	34
chr7	155071613	CG	188	283	33	186	289	33
chr7	155071628	CG	203	254	33	183	232	33
chr7	155071671	CG	108	144	33	125	155	33
chr8	37747433	CG	52	56	33	91	103	34
chr8	37747474	CG	72	135	34	84	198	33
chr8	37747565	CG	140	248	33	153	292	33
chr8	37747618	CG	156	266	33	164	310	33
chr8	37747647	CG	203	298	33	194	291	33
chr8	37747674	CG	248	295	33	236	280	33
chr8	37747687	CG	217	279	34	202	263	33
chr8	37747766	CG	121	253	33	117	240	33
chr8	37747785	CG	131	282	33	147	270	33
chr8	37747835	CG	148	312	33	123	284	33
chr8	37747841	CG	155	314	33	138	304	33
chr8	37747847	CG	144	323	33	120	289	33
chr8	37747902	CG	155	325	33	158	322	33
chr8	37747935	CG	152	300	33	152	304	33
chr8	37747938	CG	146	296	33	152	309	33
chr8	37747941	CG	148	301	33	162	334	33
chr8	37747955	CG	141	274	33	151	346	33
chr8	37747961	CG	143	284	33	151	353	33
chr8	37747985	CG	134	267	34	152	350	33
chr8	37747999	CG	139	259	33	155	355	33
chr8	37748034	CG	146	284	33	144	309	33
chr8	37748049	CG	143	279	33	145	290	33
chr8	37748051	CG	148	288	33	144	290	33
chr8	37748054	CG	144	291	33	138	293	33
chr8	37748062	CG	158	294	33	142	290	33
chr8	37748067	CG	150	287	33	152	309	33
chr8	37748071	CG	140	271	33	156	312	33
chr8	37748073	CG	138	269	33	152	311	33
chr8	37748080	CG	124	245	33	148	314	33
chr8	37748093	CG	102	204	33	138	305	33
chr8	37748199	CG	65	134	33	121	218	33
chr8	37748265	CG	96	168	33	93	164	33
chr8	37748287	CG	115	214	33	97	170	33
chr8	37748396	CG	149	267	33	122	223	33
chr8	37748418	CG	146	246	33	159	248	33
chr8	37748460	CG	121	224	33	142	250	33
chr8	37748466	CG	130	229	33	152	264	33
chr8	37748569	CG	60	105	34	105	168	33
chr8	37748591	CG	60	72	33	130	140	33
chr8	37748639	CG	35	37	34	67	75	33
chr8	100592899	CG	74	74	34	79	81	33
chr8	100592904	CG	76	76	34	85	85	33
chr8	100592919	CG	72	72	34	96	96	33
chr8	100592936	CG	81	81	33	98	98	33
chr8	140097920	CG	33	39	34	46	61	33
chr8	140097951	CG	54	56	34	95	105	33
chr8	140097957	CG	62	68	34	88	104	33
chr8	140097968	CG	71	72	34	113	125	33
chr8	140097975	CG	89	91	33	125	144	33
chr8	140097988	CG	91	99	34	126	141	33
chr8	140098004	CG	118	126	34	147	159	34
chr8	140098014	CG	121	150	33	140	172	33
chr8	140098048	CG	120	184	33	191	252	33
chr8	140098072	CG	125	187	33	250	328	33
chr8	140098085	CG	176	264	33	272	372	33
chr8	140098092	CG	188	289	33	234	384	33
chr8	140098126	CG	248	364	33	265	383	33
chr8	140098161	CG	185	362	33	205	382	33
chr8	140098173	CG	170	338	33	194	374	33
chr8	140098187	CG	203	364	33	230	403	33
chr8	140098191	CG	179	354	34	202	393	34
chr8	140098200	CG	210	375	33	218	391	33
chr8	140098215	CG	258	391	33	229	384	33
chr8	140098241	CG	179	361	33	180	375	33
chr8	140098243	CG	189	362	33	181	398	33
chr8	140098262	CG	160	325	33	171	382	33
chr8	140098288	CG	193	349	33	204	403	33
chr8	140098326	CG	182	337	33	176	375	33
chr8	140098330	CG	169	322	33	186	373	33
chr8	140098332	CG	171	318	33	182	379	33
chr8	140098344	CG	163	323	33	192	382	33
chr8	140098347	CG	165	319	33	194	383	33
chr8	140098370	CG	162	313	33	196	394	33
chr8	140098383	CG	155	303	33	187	393	33
chr8	140098393	CG	163	313	33	184	390	33
chr8	140098425	CG	167	329	33	171	372	33
chr8	140098427	CG	172	328	33	170	373	33
chr8	140098446	CG	183	335	33	170	377	33
chr8	140098451	CG	176	338	33	178	381	33
chr8	140098464	CG	180	322	33	161	373	33
chr8	140098481	CG	186	328	33	182	385	33
chr8	140098491	CG	168	310	33	170	365	33
chr8	140098508	CG	181	317	33	179	380	33
chr8	140098531	CG	167	315	33	204	379	33
chr8	140098559	CG	167	314	33	199	365	33
chr8	140098563	CG	170	320	33	190	366	33
chr8	140098569	CG	176	345	33	196	388	33
chr8	140098582	CG	190	356	33	188	383	33
chr8	140098586	CG	197	360	33	189	391	33
chr8	140098590	CG	198	367	33	180	398	33
chr8	140098599	CG	192	365	33	183	395	33
chr8	140098605	CG	190	363	33	191	385	33
chr8	140098659	CG	174	342	33	175	375	33
chr8	140098661	CG	176	344	33	168	363	33
chr8	140098676	CG	154	301	33	162	335	33
chr8	140098679	CG	159	298	33	163	319	33
chr8	140098709	CG	152	304	33	195	376	33
chr8	140098713	CG	153	310	33	191	373	33
chr8	140098722	CG	180	346	33	196	399	33
chr8	140098744	CG	170	336	33	194	400	33
chr8	140098752	CG	156	310	33	191	385	33
chr8	140098781	CG	134	300	33	178	333	33
chr8	140098798	CG	153	336	33	199	373	33
chr8	140098808	CG	167	361	33	191	370	33
chr8	140098839	CG	175	361	33	211	406	33
chr8	140098856	CG	166	351	33	213	387	33
chr8	140098858	CG	160	335	33	205	393	33
chr8	140098876	CG	140	311	33	202	353	33
chr8	140098880	CG	140	315	33	197	369	33
chr8	140098893	CG	149	320	33	210	386	33
chr8	140098899	CG	148	324	33	196	385	33
chr8	140098935	CG	159	342	33	189	404	33
chr8	140098952	CG	144	317	33	196	405	33
chr8	140098954	CG	144	316	33	181	400	33
chr8	140098972	CG	145	297	33	206	429	33
chr8	140098976	CG	136	306	33	208	434	33
chr8	140098995	CG	135	308	33	204	416	33
chr8	140099021	CG	122	305	33	184	364	33
chr8	140099031	CG	155	352	33	191	391	33
chr8	140099045	CG	156	341	33	215	422	33
chr8	140099070	CG	154	337	33	206	429	33
chr8	140099077	CG	153	331	33	193	422	33
chr8	140099087	CG	157	324	33	181	414	33
chr8	140099090	CG	161	323	33	177	399	33
chr8	140099096	CG	146	319	33	169	398	33
chr8	140099128	CG	175	355	33	194	403	33
chr8	140099145	CG	174	362	33	200	409	33
chr8	140099152	CG	177	358	33	193	412	33
chr8	140099165	CG	177	353	33	172	381	33
chr8	140099172	CG	181	357	33	174	392	34
chr8	140099182	CG	188	357	33	180	379	33
chr8	140099192	CG	179	337	33	176	379	33
chr8	140099221	CG	188	366	33	193	392	33
chr8	140099238	CG	192	368	33	190	403	33
chr8	140099245	CG	192	369	33	187	407	33
chr8	140099258	CG	199	365	33	190	413	33
chr8	140099275	CG	187	352	33	186	396	33
chr8	140099280	CG	194	357	33	206	422	33
chr8	140099303	CG	201	368	33	189	408	33
chr8	140099314	CG	193	375	33	186	378	33
chr8	140099331	CG	178	348	33	188	375	33
chr8	140099338	CG	195	365	33	182	390	33
chr8	140099351	CG	186	368	33	183	383	33
chr8	140099368	CG	193	366	33	188	386	33
chr8	140099378	CG	188	364	33	179	384	33
chr8	140099399	CG	172	357	33	167	370	33
chr8	140099418	CG	171	338	33	175	367	33
chr8	140099446	CG	158	310	33	160	331	33
chr8	140099474	CG	156	298	33	159	346	33
chr8	140099477	CG	158	303	33	160	351	33
chr8	140099509	CG	163	329	33	167	384	33
chr8	140099529	CG	167	336	33	167	380	33
chr8	140099533	CG	163	321	33	175	370	33
chr8	140099546	CG	169	308	33	174	372	33
chr8	140099552	CG	156	300	33	160	360	33
chr8	140099556	CG	184	311	33	172	349	33
chr8	140099587	CG	214	295	33	259	371	33
chr8	140099604	CG	227	321	33	230	381	33
chr8	140099628	CG	173	324	33	166	361	33
chr8	140099632	CG	182	330	33	183	378	33
chr8	140099697	CG	207	309	33	208	370	33
chr8	140099721	CG	208	357	33	212	396	33
chr8	140099725	CG	207	367	33	201	399	33
chr8	140099776	CG	273	416	33	267	406	33
chr8	140099778	CG	266	411	33	262	406	33
chr8	140099793	CG	196	374	33	190	373	33
chr8	140099798	CG	220	372	33	186	365	33
chr8	140099800	CG	231	366	33	215	381	33
chr8	140099819	CG	178	370	33	179	394	33
chr8	140099830	CG	194	359	33	203	402	33
chr8	140099870	CG	191	352	33	189	362	33
chr8	140099907	CG	165	318	33	209	365	33
chr8	140099924	CG	201	319	33	282	390	33
chr8	140099934	CG	213	336	33	272	385	33
chr8	140099963	CG	211	382	33	258	417	33
chr8	140099965	CG	226	373	33	266	415	33
chr8	140099982	CG	192	387	33	206	397	33
chr8	140099984	CG	206	390	33	214	388	33
chr8	140099989	CG	207	395	33	220	394	33
chr8	140100002	CG	194	379	33	181	335	33
chr8	140100010	CG	179	377	33	170	323	33
chr8	140100019	CG	189	374	33	166	302	33
chr8	140100041	CG	181	330	33	145	261	33
chr8	140100046	CG	162	318	33	117	235	33
chr8	140100053	CG	183	313	33	128	229	33
chr8	140100073	CG	159	330	33	100	198	33
chr8	140100081	CG	156	335	33	102	207	33
chr8	140100090	CG	189	360	33	120	225	33
chr8	140100112	CG	204	369	33	143	238	33
chr8	140100124	CG	193	367	33	154	256	33
chr8	140100144	CG	162	341	33	108	197	33
chr8	140100152	CG	161	341	33	100	202	33
chr8	140100161	CG	185	340	33	121	220	34
chr8	140100183	CG	176	326	33	106	208	33
chr8	140100215	CG	154	300	33	138	268	33
chr8	140100232	CG	164	298	33	164	319	33
chr8	140100242	CG	147	296	33	175	349	33
chr8	140100255	CG	161	304	33	165	355	33
chr8	140100273	CG	177	316	33	183	337	33
chr8	140100297	CG	159	317	33	193	363	33
chr8	140100327	CG	159	329	33	218	399	33
chr8	140100333	CG	150	324	33	206	408	33
chr8	140100347	CG	157	328	33	212	404	33
chr8	140100368	CG	159	323	33	181	351	33
chr8	140100407	CG	156	312	33	158	341	33
chr8	140100442	CG	160	324	33	189	378	33
chr8	140100457	CG	191	362	33	208	400	33
chr8	140100462	CG	196	377	33	201	394	33
chr8	140100467	CG	195	372	34	193	374	34
chr8	140100469	CG	195	372	33	190	378	33
chr8	140100479	CG	198	380	33	202	386	33
chr8	140100491	CG	209	384	33	218	410	33
chr8	140100493	CG	213	381	33	215	411	33
chr8	140100504	CG	218	388	33	212	418	33
chr8	140100512	CG	209	383	33	222	419	33
chr8	140100532	CG	205	387	33	230	433	33
chr8	140100537	CG	205	394	33	231	441	33
chr8	140100546	CG	213	404	33	225	425	33
chr8	140100558	CG	200	412	33	230	430	33
chr8	140100574	CG	185	392	33	192	374	33
chr8	140100578	CG	186	388	33	189	364	33
chr8	140100582	CG	185	385	33	184	361	33
chr8	140100588	CG	180	376	33	169	334	33
chr8	140100648	CG	155	305	33	175	360	33
chr8	140100653	CG	164	327	33	170	346	33
chr8	140100659	CG	164	326	33	155	334	33
chr8	140100664	CG	186	343	33	153	330	33
chr8	140100685	CG	205	387	33	163	307	33
chr8	140100687	CG	210	387	33	163	308	33
chr8	140100705	CG	217	385	33	121	236	33
chr8	140100724	CG	191	379	33	125	256	33
chr8	140100728	CG	186	375	33	122	253	33
chr8	140100734	CG	186	384	33	118	254	33
chr8	140100774	CG	170	351	33	97	233	33
chr8	140100801	CG	197	387	33	105	264	33
chr8	140100815	CG	191	378	33	121	282	33
chr8	140100839	CG	193	351	33	139	304	33
chr8	140100849	CG	184	343	33	146	308	33
chr8	140100854	CG	185	336	33	138	302	33
chr8	140100872	CG	168	302	33	161	324	33
chr8	140100878	CG	159	277	33	158	322	33
chr8	140100884	CG	152	285	33	152	298	33
chr8	140100920	CG	138	246	33	138	258	33
chr8	140100957	CG	90	166	33	115	212	33
chr8	140100981	CG	79	136	33	90	163	33
chr9	95313003	CG	22	48	33	24	54	33
chr9	95313058	CG	101	125	33	99	117	33
chr9	95313103	CG	85	173	33	93	186	33
chr9	95313106	CG	90	183	34	91	189	33
chr9	95313137	CG	121	262	34	134	281	33
chr9	95313146	CG	131	287	33	135	302	33
chr9	95313154	CG	150	334	33	159	317	33
chr9	95313176	CG	168	395	33	180	377	33
chr9	95313189	CG	176	413	33	183	379	33
chr9	95313199	CG	183	418	33	176	365	33
chr9	95313210	CG	191	405	33	187	377	33
chr9	95313231	CG	167	394	33	189	370	33
chr9	95313261	CG	149	355	33	197	388	33
chr9	95313272	CG	135	344	33	188	388	33
chr9	95313292	CG	138	362	33	182	377	33
chr9	95313305	CG	153	379	33	159	347	33
chr9	95313310	CG	148	386	33	162	343	33
chr9	95313356	CG	158	397	33	144	280	33
chr9	95313368	CG	165	388	33	157	286	33
chr9	95313370	CG	162	392	33	151	284	33
chr9	95313372	CG	156	371	33	127	270	33
chr9	95313390	CG	157	356	33	145	294	33
chr9	95313406	CG	170	355	33	156	320	33
chr9	95313416	CG	161	328	33	160	334	33
chr9	95313418	CG	153	312	33	158	325	33
chr9	95313422	CG	140	301	33	144	313	33
chr9	95313435	CG	116	270	33	117	260	33
chr9	95313448	CG	106	245	33	123	253	33
chr9	95313454	CG	98	231	33	119	241	33
chr9	95313458	CG	100	201	33	115	231	33
chr9	95313510	CG	46	102	33	30	87	33
chr9	135484478	CG	81	81	33	35	40	33
chr9	135484488	CG	91	91	33	48	51	33
chr9	135484490	CG	94	95	33	50	54	33
chr9	135484500	CG	100	102	33	57	63	33
chr9	135484525	CG	111	116	34	61	67	33
chr9	135484572	CG	138	148	33	51	61	33
chr9	135484605	CG	230	237	33	73	80	33
chr9	135484615	CG	273	282	33	95	104	33
chr9	135484621	CG	312	320	33	114	119	33
chr9	135484630	CG	336	341	33	128	133	33
chr9	135484632	CG	337	342	33	130	140	33
chr9	135484635	CG	351	355	33	130	136	33
chr9	135484642	CG	341	350	33	141	145	33
chr9	135484646	CG	340	354	34	139	154	33
chr9	135484676	CG	316	337	33	190	197	33
chr9	135484678	CG	317	323	33	192	206	33
chr9	135484681	CG	314	322	33	202	207	33
chr9	135484691	CG	324	335	33	202	216	33
chr9	135484702	CG	304	311	33	210	217	33
chr9	135484709	CG	282	289	33	198	199	33
chr9	135484711	CG	274	280	33	193	197	33
chr9	135484714	CG	259	271	33	183	193	33
chr9	135484747	CG	221	243	33	186	200	33
chr9	135484750	CG	223	231	33	195	200	33
chr9	135484758	CG	219	235	33	182	188	33
chr9	135484774	CG	234	259	33	196	205	33
chr9	135484792	CG	230	245	33	188	188	33
chr9	135484794	CG	237	247	33	175	178	33
chr9	135484813	CG	229	255	33	130	143	33
chr9	135484863	CG	156	174	33	69	76	33
chr9	135484894	CG	154	169	33	92	106	33
chr9	135484951	CG	137	143	33	62	65	33
chr9	135484960	CG	126	133	33	50	53	34
chr9	135484966	CG	119	122	33	52	53	34
chr9	135484969	CG	117	122	33	51	54	34
chr9	135485005	CG	98	112	33	71	72	33
chr9	135485011	CG	99	109	33	63	63	33
chr9	135485031	CG	94	98	33	46	46	33
chr9	135485037	CG	90	96	33	48	48	33
chr9	135485044	CG	85	93	34	38	38	34
chr9	135485055	CG	78	86	33	31	31	33
chr9	135485140	CG	89	96	34	17	17	34
chr9	135485148	CG	94	95	33	15	15	34
chr9	135485164	CG	113	115	33	12	13	33
chr9	135485176	CG	106	107	33	10	10	34
chr9	135485193	CG	102	105	33	8	8	34
chr9	135485339	CG	45	48	34	49	53	34
chr9	135485356	CG	35	37	34	63	67	34
chr9	135485378	CG	24	27	34	84	88	33
chr9	135485390	CG	18	19	34	84	88	34
chr9	135485397	CG	11	12	34	84	90	33
chr9	135485407	CG	9	10	34	82	91	33
chr9	135485568	CG	.	.	.	95	103	33
chr9	135485577	CG	.	.	.	106	117	33
chr9	135485581	CG	.	.	.	110	129	33
chr9	135485586	CG	0	1	34	127	137	33
chr9	135485590	CG	.	.	.	133	143	33
chr9	135485602	CG	0	1	34	138	149	33
chr9	135485605	CG	0	1	34	142	159	33
chr9	135485662	CG	.	.	.	148	167	33
chr9	135485665	CG	.	.	.	150	162	33
chr9	135485693	CG	.	.	.	152	170	33
chr9	135485706	CG	.	.	.	187	190	33
chr9	135485719	CG	.	.	.	214	218	33
chr9	135485758	CG	0	1	34	178	185	33
chr9	135485886	CG	1	1	34	103	112	33
chr9	135485925	CG	10	10	34	86	90	34
chr9	135485934	CG	14	14	33	85	88	34
chr9	135485988	CG	38	39	33	73	82	33
chr9	135485997	CG	39	40	33	76	83	34
chr9	135486019	CG	51	53	34	81	92	33
chr9	135486031	CG	67	67	34	107	113	34
chr9	135486054	CG	66	66	33	107	120	33
chr9	135486058	CG	68	74	33	115	115	34
chr9	135486068	CG	90	90	34	115	115	33
chr9	135486076	CG	100	103	33	116	120	33
chr9	135486079	CG	106	108	33	121	125	33
chr9	135486091	CG	114	117	34	110	116	33
chr9	135486100	CG	131	132	33	104	111	33
chr9	135486112	CG	158	164	33	94	98	33
chr9	135486125	CG	160	165	33	91	96	33
chr9	135486147	CG	205	208	33	74	78	33
chr9	135486186	CG	239	245	33	93	93	33
chr9	135486213	CG	183	198	33	99	101	33
chr9	135486235	CG	143	158	33	108	112	33
chr9	135486238	CG	130	139	33	97	111	33
chr9	135486296	CG	86	90	33	111	127	33
chr9	135486327	CG	61	70	33	111	120	33
chr9	135486358	CG	40	44	33	108	120	33
chr9	135486373	CG	33	36	34	109	114	33
chr9	135486400	CG	23	24	33	93	99	33
chr9	135486413	CG	25	27	34	86	97	33
chr9	135486466	CG	23	23	34	92	103	33
chr9	135486481	CG	36	37	33	112	122	33
chr9	135486488	CG	44	46	34	120	128	33
chr9	135486517	CG	77	82	33	128	154	33
chr9	135486527	CG	104	105	33	152	158	33
chr9	135486535	CG	126	127	33	141	150	33
chr9	135486580	CG	129	132	33	196	218	33
chr9	135486623	CG	141	141	33	198	200	33
chr9	135486660	CG	128	140	33	167	177	33
chr9	135486696	CG	100	108	33	121	124	33
chr9	135486718	CG	73	78	33	93	98	33
chr9	135486725	CG	76	79	33	90	90	33
chr9	135486750	CG	60	66	33	56	60	33
chr10	41859560	CG	135	173	33	.	.	.
chr10	119818422	CG	51	64	34	48	69	33
chr10	119818441	CG	63	82	33	72	90	33
chr10	119818445	CG	54	87	34	62	98	33
chr10	119818459	CG	77	109	33	74	114	33
chr10	119818463	CG	70	120	33	65	130	33
chr10	119818468	CG	78	129	34	74	132	33
chr10	119818474	CG	82	134	33	80	127	33
chr10	119818488	CG	86	135	33	82	144	33
chr10	119818506	CG	131	153	33	110	155	33
chr10	119818512	CG	139	168	34	122	172	33
chr10	119818518	CG	146	184	33	143	194	33
chr10	119818524	CG	151	204	33	131	207	33
chr10	119818532	CG	161	227	33	144	237	33
chr10	119818534	CG	146	230	33	135	247	33
chr10	119818552	CG	165	288	33	137	279	33
chr10	119818563	CG	180	312	33	183	331	33
chr10	119818566	CG	172	340	33	141	332	33
chr10	119818571	CG	190	364	33	147	346	33
chr10	119818586	CG	0	386	33	.	.	.
chr10	119818596	CG	246	374	33	190	336	33
chr10	119818605	CG	274	417	33	198	340	33
chr10	119818617	CG	263	429	33	187	341	33
chr10	119818619	CG	263	426	33	184	347	33
chr10	119818625	CG	259	426	33	171	337	33
chr10	119818634	CG	212	391	33	177	320	33
chr10	119818641	CG	220	404	33	160	312	33
chr10	119818647	CG	240	428	33	182	333	33
chr10	119818657	CG	250	439	33	185	339	33
chr10	119818661	CG	232	416	33	205	366	33
chr10	119818672	CG	240	436	33	208	395	33
chr10	119818685	CG	240	421	33	234	400	33
chr10	119818701	CG	254	428	33	234	415	33
chr10	119818703	CG	231	405	33	230	416	33
chr10	119818706	CG	240	410	33	219	403	33
chr10	119818715	CG	241	411	33	241	411	33
chr10	119818721	CG	238	424	33	234	392	33
chr10	119818724	CG	237	412	33	235	391	33
chr10	119818730	CG	244	411	33	229	388	33
chr10	119818739	CG	236	403	33	220	375	33
chr10	119818741	CG	228	408	33	213	387	33
chr10	119818772	CG	201	414	33	207	386	33
chr10	119818780	CG	222	425	33	216	384	33
chr10	119818783	CG	236	423	33	229	385	33
chr10	119818787	CG	253	416	33	243	384	33
chr10	119818795	CG	268	424	33	230	368	33
chr10	119818799	CG	261	430	33	221	368	33
chr10	119818811	CG	242	420	33	213	395	33
chr10	119818817	CG	259	428	33	222	388	33
chr10	119818819	CG	269	419	33	226	378	33
chr10	119818835	CG	284	413	33	229	371	33
chr10	119818842	CG	258	426	33	208	360	33
chr10	119818844	CG	256	435	33	205	365	33
chr10	119818849	CG	255	430	33	208	360	33
chr10	119818863	CG	235	415	33	203	347	33
chr10	119818872	CG	240	428	33	196	321	33
chr10	119818890	CG	240	398	33	173	292	33
chr10	119819019	CG	196	309	33	143	221	33
chr10	119819030	CG	194	315	33	135	228	33
chr10	119819049	CG	185	324	33	127	216	33
chr10	119819076	CG	215	330	33	167	244	33
chr10	119819113	CG	217	342	33	189	263	33
chr10	119819127	CG	188	350	33	165	254	33
chr10	119819157	CG	166	295	33	141	222	33
chr10	119819205	CG	104	202	33	121	170	33
chr10	119819214	CG	76	142	32	91	128	32
chr11	2132761	CG	109	203	33	57	114	33
chr11	2132804	CG	140	296	33	112	225	33
chr11	2132817	CG	131	328	33	100	236	33
chr11	2132836	CG	233	377	33	158	285	33
chr11	2132844	CG	269	351	33	208	288	33
chr11	2132851	CG	208	374	33	148	281	33
chr11	2132883	CG	185	379	33	125	275	33
chr11	2132891	CG	178	377	33	118	271	33
chr11	2132902	CG	175	373	33	135	283	33
chr11	2132923	CG	139	345	33	122	301	33
chr11	2132927	CG	173	344	33	149	297	33
chr11	2132957	CG	183	338	33	174	328	33
chr11	2132960	CG	173	354	33	176	343	33
chr11	2132975	CG	187	376	33	193	358	33
chr11	2132994	CG	175	349	33	180	348	33
chr11	2133019	CG	143	260	33	188	358	33
chr11	2133025	CG	74	274	33	107	359	33
chr11	2133031	CG	95	237	33	167	360	33
chr11	2133063	CG	177	355	33	177	346	33
chr11	2133069	CG	164	354	33	159	352	33
chr11	2133086	CG	173	367	33	171	353	33
chr11	2133091	CG	158	363	33	151	353	33
chr11	2133103	CG	214	356	33	215	367	33
chr11	2133109	CG	221	379	33	210	383	33
chr11	2133117	CG	248	392	33	218	382	33
chr11	2133120	CG	250	387	33	213	385	33
chr11	2133126	CG	233	386	33	221	389	33
chr11	2133150	CG	304	423	33	259	365	33
chr11	2133156	CG	273	421	33	213	348	33
chr11	2133202	CG	87	365	33	69	318	33
chr11	2133265	CG	281	404	33	289	393	33
chr11	2133273	CG	300	390	33	306	423	33
chr11	2133282	CG	282	396	33	298	443	33
chr11	2133286	CG	282	393	33	286	410	33
chr11	2133341	CG	176	350	33	201	355	33
chr11	2133366	CG	199	363	33	193	365	33
chr11	2133381	CG	204	372	33	190	385	33
chr11	2133408	CG	244	394	33	212	386	33
chr11	2133452	CG	222	392	33	225	390	33
chr11	2133459	CG	226	381	33	255	422	33
chr11	2133463	CG	201	378	33	244	424	33
chr11	2133517	CG	238	384	33	261	382	33
chr11	2133525	CG	245	388	33	226	372	33
chr11	2133529	CG	247	375	33	242	366	33
chr11	2133538	CG	240	397	33	223	372	33
chr11	2133543	CG	222	391	33	215	374	33
chr11	2133552	CG	226	364	33	252	380	33
chr11	2133561	CG	270	350	33	293	396	33
chr11	2133577	CG	261	374	33	301	427	33
chr11	2133605	CG	285	363	33	362	448	33
chr11	2133624	CG	179	365	33	207	412	33
chr11	2133632	CG	254	369	34	280	415	33
chr11	2133638	CG	257	370	33	269	402	33
chr11	2133641	CG	229	367	33	235	404	33
chr11	2133650	CG	234	358	33	283	426	33
chr11	2133657	CG	298	360	33	343	429	33
chr11	2133693	CG	193	353	33	255	480	33
chr11	2133704	CG	184	319	33	334	496	33
chr11	2133722	CG	225	353	33	266	441	33
chr11	2133777	CG	334	421	33	313	396	33
chr11	2133790	CG	313	444	33	264	374	33
chr11	2133828	CG	322	546	33	181	274	33
chr11	2133881	CG	156	285	33	117	177	33
chr11	2146980	CG	45	59	33	29	47	34
chr11	2147081	CG	170	230	33	140	205	33
chr11	2147133	CG	255	319	33	285	400	33
chr11	2147144	CG	148	337	33	147	219	33
chr11	2147269	CG	144	222	33	413	544	33
chr11	2147308	CG	83	245	33	225	488	33
chr11	2147338	CG	91	336	33	135	525	33
chr11	2147344	CG	99	341	33	171	516	33
chr11	2147355	CG	125	343	33	178	505	33
chr11	2147395	CG	150	345	33	217	458	33
chr11	2147417	CG	130	334	33	190	424	33
chr11	2147452	CG	134	342	33	176	436	33
chr11	2147502	CG	158	339	33	157	378	33
chr11	2147512	CG	181	364	33	163	376	33
chr11	2147514	CG	191	359	33	164	380	33
chr11	2147576	CG	168	394	33	150	368	33
chr11	2147625	CG	223	430	33	209	442	33
chr11	2147634	CG	219	451	33	215	440	33
chr11	2147735	CG	188	406	33	147	349	33
chr11	2147788	CG	164	367	33	189	420	33
chr11	2147802	CG	199	362	33	242	375	33
chr11	2147908	CG	72	259	33	71	280	33
chr11	2147945	CG	80	237	33	118	289	33
chr11	2148042	CG	143	384	33	95	249	33
chr11	2148060	CG	212	382	33	150	294	33
chr11	2148141	CG	218	431	33	181	348	33
chr11	2148150	CG	269	393	33	252	368	33
chr11	2148170	CG	193	342	33	226	384	33
chr11	2148269	CG	161	320	33	180	369	33
chr11	2148285	CG	175	312	33	192	361	33
chr11	2148288	CG	134	312	33	148	336	33
chr11	2148347	CG	1	335	33	0	337	33
chr11	2148430	CG	268	412	33	243	366	33
chr11	2148479	CG	248	389	33	210	311	33
chr11	2148524	CG	158	236	33	96	167	33
chr11	2148540	CG	115	206	33	82	129	34
chr11	2698597	CG	14	25	34	47	75	33
chr11	2698718	CG	98	167	33	150	233	33
chr11	2698726	CG	89	176	33	138	251	33
chr11	2698774	CG	135	238	34	213	404	33
chr11	2698802	CG	157	286	33	207	403	33
chr11	2698844	CG	165	255	33	280	445	33
chr11	2698857	CG	146	259	33	223	459	33
chr11	2698930	CG	137	271	33	178	355	33
chr11	2698972	CG	140	276	33	177	375	33
chr11	2698988	CG	152	306	33	194	405	33
chr11	2698999	CG	163	322	34	182	384	33
chr11	2699032	CG	165	314	33	164	333	33
chr11	2699038	CG	154	294	33	156	320	33
chr11	2699049	CG	153	298	33	169	341	33
chr11	2699100	CG	173	291	33	198	378	33
chr11	2699102	CG	190	297	33	217	389	33
chr11	2699116	CG	174	290	33	195	374	33
chr11	2699121	CG	183	298	33	217	383	33
chr11	2699181	CG	159	286	33	195	383	33
chr11	2699188	CG	158	277	33	192	381	33
chr11	2699200	CG	172	307	33	197	382	33
chr11	2699202	CG	170	301	33	195	392	33
chr11	2699214	CG	180	332	33	195	405	33
chr11	2699221	CG	192	357	33	188	403	33
chr11	2699233	CG	193	373	33	196	395	33
chr11	2699259	CG	191	377	33	206	378	33
chr11	2699289	CG	181	366	33	192	361	33
chr11	2699305	CG	223	414	33	187	380	33
chr11	2699309	CG	227	407	33	185	378	33
chr11	2699311	CG	235	413	33	176	377	33
chr11	2699336	CG	236	430	33	190	387	33
chr11	2699350	CG	237	427	33	184	377	33
chr11	2699355	CG	234	436	33	172	362	33
chr11	2699357	CG	235	426	33	175	367	33
chr11	2699360	CG	246	438	33	172	360	33
chr11	2699364	CG	247	439	33	166	346	33
chr11	2699374	CG	220	405	33	144	308	33
chr11	2699383	CG	225	399	33	121	270	33
chr11	2699417	CG	232	445	33	117	252	33
chr11	2699419	CG	229	442	33	116	258	33
chr11	2699442	CG	217	489	33	141	291	33
chr11	2699455	CG	217	495	33	152	299	33
chr11	2699458	CG	220	505	33	157	323	33
chr11	2699469	CG	229	520	33	177	320	33
chr11	2699471	CG	227	512	33	180	333	33
chr11	2699485	CG	168	458	33	153	292	33
chr11	2699497	CG	211	504	33	178	300	33
chr11	2699499	CG	207	495	33	179	297	33
chr11	2699524	CG	182	440	33	161	292	33
chr11	2699526	CG	184	439	33	159	301	33
chr11	2699549	CG	196	435	33	160	303	33
chr11	2699551	CG	219	456	33	166	310	33
chr11	2699553	CG	228	469	33	158	311	33
chr11	2699580	CG	249	501	33	155	307	33
chr11	2699595	CG	251	488	33	189	332	33
chr11	2699597	CG	244	482	33	188	335	33
chr11	2699600	CG	241	485	33	171	333	33
chr11	2699611	CG	249	495	33	180	359	32
chr11	2699621	CG	228	489	33	201	398	33
chr11	2699623	CG	227	479	33	202	396	33
chr11	2699626	CG	235	494	33	196	404	33
chr11	2699637	CG	250	520	33	174	380	33
chr11	2699647	CG	260	527	33	175	381	33
chr11	2699649	CG	261	516	33	183	392	33
chr11	2699652	CG	265	523	33	156	375	33
chr11	2699663	CG	255	526	33	153	385	33
chr11	2699673	CG	268	516	33	163	366	33
chr11	2699675	CG	272	513	33	169	375	33
chr11	2699678	CG	279	509	33	154	361	33
chr11	2699688	CG	263	478	33	138	350	33
chr11	2699697	CG	259	480	33	128	339	33
chr11	2699706	CG	256	470	33	172	385	33
chr11	2699709	CG	253	467	33	174	382	33
chr11	2699712	CG	255	488	33	169	389	33
chr11	2699723	CG	232	459	33	151	379	33
chr11	2699735	CG	217	448	33	181	392	33
chr11	2699738	CG	221	457	33	156	375	33
chr11	2699757	CG	245	431	33	194	404	33
chr11	2699760	CG	199	429	33	190	394	33
chr11	2699762	CG	194	425	33	196	407	33
chr11	2699775	CG	182	410	33	189	381	33
chr11	2699785	CG	186	435	33	211	384	33
chr11	2699787	CG	189	417	33	217	388	33
chr11	2699790	CG	189	422	33	208	390	33
chr11	2699797	CG	188	425	33	213	402	33
chr11	2699799	CG	191	429	33	207	395	33
chr11	2699802	CG	199	440	33	194	401	33
chr11	2699814	CG	223	452	33	184	392	33
chr11	2699824	CG	219	450	33	173	376	33
chr11	2699829	CG	209	429	33	169	376	33
chr11	2699839	CG	220	439	33	166	366	33
chr11	2699841	CG	221	434	33	170	376	33
chr11	2699851	CG	230	447	33	172	368	33
chr11	2699856	CG	229	444	33	181	390	33
chr11	2699865	CG	225	451	33	172	349	33
chr11	2699880	CG	233	499	33	170	364	33
chr11	2699892	CG	231	481	33	177	368	33
chr11	2699907	CG	213	482	33	167	371	33
chr11	2699916	CG	204	493	33	160	365	33
chr11	2699918	CG	211	486	33	155	359	33
chr11	2699928	CG	184	460	33	155	377	33
chr11	2699967	CG	208	465	33	164	379	33
chr11	2699977	CG	222	484	33	168	382	33
chr11	2699980	CG	214	470	33	172	388	33
chr11	2699982	CG	217	476	33	175	392	33
chr11	2699985	CG	216	474	33	173	398	33
chr11	2699989	CG	228	493	33	175	401	33
chr11	2700007	CG	223	473	33	193	417	33
chr11	2700013	CG	240	485	33	194	415	33
chr11	2700018	CG	245	494	33	193	425	33
chr11	2700028	CG	237	479	33	187	359	32
chr11	2700031	CG	234	478	33	189	378	33
chr11	2700037	CG	230	473	33	190	395	33
chr11	2700040	CG	214	462	33	174	382	33
chr11	2700045	CG	222	469	33	181	383	33
chr11	2700049	CG	219	468	33	165	354	33
chr11	2700071	CG	190	445	33	151	312	33
chr11	2700091	CG	210	466	33	154	303	33
chr11	2700094	CG	209	465	33	141	293	33
chr11	2700106	CG	205	461	33	139	295	33
chr11	2700121	CG	214	458	33	146	306	33
chr11	2700136	CG	217	472	33	161	310	33
chr11	2700153	CG	214	473	33	162	336	33
chr11	2700164	CG	0	1	34	1	340	33
chr11	2700179	CG	214	481	33	163	356	33
chr11	2700198	CG	236	483	33	175	382	33
chr11	2700207	CG	224	463	33	173	383	33
chr11	2700210	CG	240	477	33	174	398	33
chr11	2700240	CG	228	459	33	171	342	33
chr11	2700242	CG	220	443	33	166	353	33
chr11	2700247	CG	218	456	33	164	327	33
chr11	2700250	CG	212	452	33	166	328	33
chr11	2700269	CG	160	410	33	187	359	33
chr11	2700272	CG	185	435	33	176	358	33
chr11	2700288	CG	195	449	33	186	364	33
chr11	2700295	CG	201	458	33	189	378	33
chr11	2700304	CG	201	461	33	189	377	33
chr11	2700316	CG	213	458	33	189	392	33
chr11	2700325	CG	225	493	33	178	382	33
chr11	2700328	CG	236	490	33	188	395	33
chr11	2700346	CG	231	496	33	191	408	33
chr11	2700361	CG	231	466	33	173	398	33
chr11	2700380	CG	207	449	33	165	380	33
chr11	2700389	CG	207	450	33	187	380	33
chr11	2700391	CG	212	451	33	159	353	33
chr11	2700402	CG	216	466	33	199	385	33
chr11	2700406	CG	214	466	33	204	391	33
chr11	2700413	CG	208	466	33	211	386	33
chr11	2700432	CG	221	468	33	210	402	33
chr11	2700451	CG	222	461	33	216	443	33
chr11	2700462	CG	212	441	33	218	437	33
chr11	2700466	CG	214	436	33	218	447	33
chr11	2700481	CG	198	422	33	219	442	33
chr11	2700484	CG	207	424	33	214	440	33
chr11	2700487	CG	214	432	33	219	433	33
chr11	2700490	CG	213	436	33	219	441	33
chr11	2700498	CG	209	448	33	214	422	33
chr11	2700505	CG	233	467	33	204	405	33
chr11	2700511	CG	240	489	33	191	398	33
chr11	2700527	CG	237	474	33	193	379	33
chr11	2700530	CG	233	456	33	195	377	33
chr11	2700538	CG	222	445	33	188	382	33
chr11	2700544	CG	203	415	33	178	367	33
chr11	2700551	CG	173	389	33	199	360	33
chr11	2700569	CG	123	298	33	173	348	33
chr11	2700587	CG	169	395	33	183	383	33
chr11	2700627	CG	205	452	33	193	408	33
chr11	2700636	CG	205	444	33	194	408	33
chr11	2700686	CG	186	430	33	173	399	33
chr11	2700722	CG	212	452	33	202	428	33
chr11	2700725	CG	215	445	33	191	430	33
chr11	2700731	CG	232	455	33	206	445	33
chr11	2700736	CG	240	449	33	207	448	33
chr11	2700738	CG	239	438	33	206	443	33
chr11	2700748	CG	226	422	33	211	447	33
chr11	2700752	CG	221	409	33	206	446	33
chr11	2700756	CG	230	412	33	213	455	33
chr11	2700762	CG	221	403	33	201	434	33
chr11	2700789	CG	189	370	33	192	415	33
chr11	2700793	CG	198	375	33	190	419	33
chr11	2700806	CG	190	378	33	202	420	33
chr11	2700808	CG	190	366	33	200	416	33
chr11	2700815	CG	183	360	33	197	403	33
chr11	2700832	CG	142	307	33	207	413	33
chr11	2700841	CG	140	316	33	204	395	34
chr11	2700843	CG	117	280	33	211	393	33
chr11	2700846	CG	98	269	33	210	394	33
chr11	2700852	CG	111	280	33	218	403	33
chr11	2700854	CG	134	310	33	210	406	33
chr11	2700856	CG	135	305	33	208	402	33
chr11	2700889	CG	130	295	33	171	370	33
chr11	2700965	CG	150	324	33	152	307	33
chr11	2701028	CG	83	157	33	83	146	33
chr11	2701101	CG	49	77	33	39	64	33
chr11	2701110	CG	53	78	33	40	61	33
chr11	2701128	CG	55	70	34	46	56	33
chr12	75305382	CG	78	81	34	54	65	33
chr12	75305385	CG	81	82	34	59	62	33
chr12	75305417	CG	112	117	33	72	78	33
chr12	75305446	CG	130	137	33	76	84	33
chr12	75305472	CG	186	192	33	123	139	33
chr12	75305490	CG	197	198	33	171	197	33
chr12	75305505	CG	220	225	33	210	229	34
chr12	75305531	CG	220	228	33	265	289	34
chr12	75305538	CG	219	226	33	272	294	33
chr12	75305546	CG	216	221	33	301	320	33
chr12	75305550	CG	214	224	33	305	316	33
chr12	75305552	CG	197	203	33	304	319	33
chr12	75305567	CG	180	188	33	293	297	33
chr12	75305588	CG	119	129	33	252	265	33
chr12	75305607	CG	61	120	33	89	172	33
chr12	75305611	CG	111	123	33	143	149	33
chr12	75305615	CG	113	124	33	115	118	33
chr12	75305635	CG	115	121	34	123	130	33
chr12	75305637	CG	112	117	33	51	62	33
chr12	75305647	CG	110	117	34	120	128	33
chr12	75305650	CG	108	117	33	110	120	33
chr12	75305685	CG	65	77	33	108	111	33
chr12	75305706	CG	48	51	33	75	80	33
chr12	75305710	CG	38	44	34	78	81	33
chr12	75305713	CG	39	42	34	73	75	34
chr12	75305845	CG	79	86	33	34	39	33
chr12	75305857	CG	83	84	33	38	40	33
chr12	75305867	CG	93	94	33	46	49	33
chr12	75305924	CG	129	129	33	66	77	34
chr12	75305936	CG	137	139	33	93	100	34
chr12	75305946	CG	160	164	33	93	107	33
chr12	75306036	CG	218	225	33	227	235	34
chr12	75306038	CG	214	221	33	239	245	33
chr12	75306041	CG	211	217	33	236	240	33
chr12	75306053	CG	198	205	33	246	246	33
chr12	75306056	CG	194	200	33	246	247	33
chr12	75306065	CG	175	181	33	241	242	33
chr12	75306072	CG	175	179	33	229	230	33
chr12	75306074	CG	175	181	33	220	222	33
chr12	75306087	CG	173	182	33	201	206	33
chr12	75306120	CG	125	136	33	139	141	33
chr12	75306126	CG	126	132	33	132	134	33
chr12	75306130	CG	123	126	33	128	130	33
chr12	75306144	CG	105	111	33	110	111	33
chr12	75306153	CG	93	98	33	105	105	33
chr12	75306178	CG	74	79	34	89	90	34
chr12	75306183	CG	68	76	33	84	87	33
chr12	75306192	CG	57	66	34	66	69	34
chr12	75306212	CG	46	51	34	61	62	33
chr13	48318094	CG	46	52	33	65	74	33
chr13	48318108	CG	50	59	33	75	92	33
chr13	48318116	CG	65	79	34	83	101	33
chr13	48318122	CG	71	87	33	80	110	33
chr13	48318139	CG	84	95	33	103	122	33
chr13	48318152	CG	99	109	33	99	126	33
chr13	48318205	CG	151	194	33	130	174	33
chr13	48318208	CG	162	203	33	147	192	33
chr13	48318248	CG	215	316	33	219	333	33
chr13	48318251	CG	235	314	33	240	342	33
chr13	48318275	CG	215	349	33	225	333	33
chr13	48318283	CG	261	376	33	230	330	33
chr13	48318338	CG	235	350	33	212	333	33
chr13	48318375	CG	221	335	33	217	332	34
chr13	48318401	CG	177	326	33	178	342	33
chr13	48318415	CG	201	329	33	224	336	33
chr13	48318445	CG	158	292	33	214	354	33
chr13	48318460	CG	206	334	33	237	374	33
chr13	48318478	CG	223	347	33	215	379	33
chr13	48318500	CG	285	432	33	279	476	33
chr13	48318507	CG	265	418	33	255	469	33
chr13	48318514	CG	260	401	33	281	470	33
chr13	48318517	CG	228	391	33	255	475	33
chr13	48318532	CG	245	383	33	289	481	33
chr13	48318545	CG	155	332	33	235	457	33
chr13	48318553	CG	177	334	33	231	438	33
chr13	48318571	CG	213	357	33	230	410	33
chr13	48318582	CG	214	381	33	179	318	33
chr13	48318595	CG	216	396	33	171	380	33
chr13	48318601	CG	212	403	33	195	397	33
chr13	48318608	CG	238	415	33	213	401	33
chr13	48318622	CG	201	391	33	223	422	33
chr13	48318654	CG	209	385	33	200	385	33
chr13	48318656	CG	211	369	33	194	372	33
chr13	48318668	CG	206	356	33	213	377	33
chr13	48318674	CG	202	355	33	197	374	33
chr13	48318691	CG	203	358	33	214	385	33
chr13	48318694	CG	198	355	33	210	385	33
chr13	48318702	CG	207	355	33	226	416	33
chr13	48318725	CG	193	357	33	207	379	33
chr13	48318731	CG	197	381	33	187	364	33
chr13	48318785	CG	217	413	33	199	339	33
chr13	48318812	CG	221	401	33	174	321	33
chr13	48318845	CG	184	379	33	166	321	33
chr13	48318868	CG	206	398	33	174	332	33
chr13	48318885	CG	208	401	33	174	325	33
chr13	48318894	CG	218	421	33	179	314	33
chr13	48318897	CG	224	431	33	171	306	33
chr13	48318906	CG	228	438	33	169	303	33
chr13	48318918	CG	209	420	33	166	296	33
chr13	48318921	CG	217	425	33	166	300	33
chr13	48318929	CG	202	422	33	173	309	33
chr13	48318939	CG	214	446	33	157	308	33
chr13	48318956	CG	219	452	33	152	310	33
chr13	48319000	CG	188	402	33	154	322	33
chr13	48319036	CG	188	373	33	186	347	33
chr13	48319038	CG	177	368	33	179	351	33
chr13	48319040	CG	172	357	33	158	330	33
chr13	48319042	CG	172	356	33	183	354	33
chr13	48319053	CG	182	373	33	195	360	33
chr13	48319057	CG	179	381	33	194	377	33
chr13	48319072	CG	182	365	33	181	340	33
chr13	48319079	CG	194	374	33	189	355	33
chr13	48319092	CG	188	370	33	179	335	33
chr13	48319105	CG	196	358	33	165	325	33
chr13	48319111	CG	200	380	33	159	315	33
chr13	48319120	CG	195	389	33	153	297	33
chr13	48319138	CG	187	413	33	124	282	33
chr13	48319162	CG	207	444	33	135	313	33
chr13	48319175	CG	206	433	33	154	346	33
chr13	48319240	CG	199	408	33	154	337	33
chr13	48319242	CG	203	411	33	151	332	33
chr13	48319262	CG	259	476	33	163	366	33
chr13	48319280	CG	273	508	33	185	391	33
chr13	48319290	CG	238	474	33	193	387	33
chr13	48319305	CG	154	337	33	184	387	33
chr13	48319308	CG	176	344	33	186	391	33
chr13	48319333	CG	188	385	33	192	378	33
chr13	48319347	CG	207	411	33	186	362	33
chr13	48319356	CG	200	394	33	181	364	33
chr13	48319390	CG	194	392	33	178	373	33
chr13	48319393	CG	191	403	33	166	364	33
chr13	48319412	CG	238	471	33	171	374	33
chr13	48319417	CG	227	462	33	179	381	33
chr13	48319421	CG	254	477	33	189	371	33
chr13	48319427	CG	241	473	33	179	376	33
chr13	48319430	CG	232	469	33	183	382	33
chr13	48319462	CG	154	292	33	177	350	33
chr13	48319468	CG	160	305	33	175	342	33
chr13	48319483	CG	165	348	33	148	318	33
chr13	48319532	CG	192	399	33	126	268	33
chr13	48319559	CG	191	392	33	134	255	33
chr13	48319591	CG	182	365	33	121	258	33
chr13	48319595	CG	182	363	33	129	253	33
chr13	48319608	CG	170	353	33	123	263	33
chr13	48319620	CG	193	338	33	137	268	33
chr13	48319627	CG	177	338	33	127	285	33
chr13	48319642	CG	161	326	33	131	285	33
chr13	48319659	CG	147	339	33	129	292	33
chr13	48319664	CG	166	342	33	126	285	33
chr13	48319675	CG	162	342	33	119	262	33
chr13	48319687	CG	162	347	33	116	248	34
chr13	48319712	CG	158	314	33	129	268	33
chr13	48319720	CG	164	316	33	128	269	34
chr13	48319767	CG	147	268	33	165	309	33
chr13	48319806	CG	153	278	33	181	335	33
chr13	48319823	CG	157	297	33	180	332	33
chr13	48319832	CG	152	299	33	176	338	33
chr13	48319842	CG	137	270	33	175	332	33
chr13	48319851	CG	140	274	33	174	353	33
chr13	48319938	CG	165	344	33	180	354	33
chr13	48319945	CG	152	338	33	168	352	33
chr13	48319956	CG	174	335	33	180	338	33
chr13	48320016	CG	188	339	33	209	379	33
chr13	48320040	CG	188	337	33	191	376	33
chr13	48320049	CG	195	335	33	181	362	33
chr13	48320078	CG	170	297	33	196	369	33
chr13	48320089	CG	181	298	33	221	378	34
chr13	48320099	CG	159	296	33	216	410	33
chr13	48320106	CG	162	312	33	214	412	33
chr13	48320133	CG	144	289	33	215	417	33
chr13	48320204	CG	178	349	33	191	381	33
chr13	48320222	CG	199	361	33	188	371	33
chr13	48320246	CG	217	382	33	224	384	33
chr13	48320273	CG	189	355	33	202	374	33
chr13	48320275	CG	192	354	33	198	371	33
chr13	48320282	CG	191	378	33	204	391	33
chr13	48320293	CG	191	364	33	223	390	33
chr13	48320303	CG	185	361	33	215	398	33
chr13	48320308	CG	179	348	33	232	407	33
chr13	48320316	CG	199	371	33	241	426	33
chr13	48320338	CG	207	382	33	242	456	33
chr13	48320342	CG	210	365	33	242	445	33
chr13	48320349	CG	216	377	33	246	460	33
chr13	48320354	CG	221	372	33	250	467	33
chr13	48320369	CG	208	359	33	227	438	33
chr13	48320379	CG	185	333	33	196	389	33
chr13	48320390	CG	196	334	33	170	359	33
chr13	48320459	CG	166	299	33	174	338	33
chr13	48320494	CG	211	329	33	117	231	32
chr13	48320496	CG	216	326	33	117	229	33
chr13	48320506	CG	196	325	33	102	227	33
chr13	48320509	CG	188	313	33	81	192	33
chr13	48320553	CG	129	205	33	138	227	33
chr13	48320574	CG	108	174	33	137	201	33
chr13	48320598	CG	96	168	33	119	184	33
chr13	48320603	CG	101	154	33	135	192	33
chr13	48320607	CG	113	171	33	146	203	33
chr13	48320612	CG	104	167	33	138	201	33
chr13	48320614	CG	97	159	33	124	190	33
chr13	48320635	CG	102	160	33	135	183	33
chr13	48320659	CG	81	129	33	111	164	33
chr13	48320687	CG	83	118	33	117	177	33
chr13	48320691	CG	88	131	33	127	183	33
chr13	48320723	CG	134	214	33	117	184	33
chr13	48320745	CG	146	230	33	87	149	33
chr13	48320755	CG	131	207	33	77	135	33
chr13	48320785	CG	111	195	33	101	163	33
chr13	48320817	CG	129	203	33	74	128	33
chr13	48320825	CG	122	213	33	70	120	33
chr13	48320913	CG	185	337	33	116	225	33
chr13	48320916	CG	171	318	33	118	228	33
chr13	48320939	CG	177	294	33	120	231	33
chr13	48320942	CG	171	281	33	127	246	33
chr13	48320947	CG	195	313	33	147	257	33
chr13	48320975	CG	175	330	33	143	275	33
chr13	48321006	CG	161	327	33	170	334	33
chr13	48321037	CG	177	308	33	180	351	33
chr13	48321065	CG	188	313	33	170	347	33
chr13	48321068	CG	204	331	33	172	343	33
chr13	48321105	CG	236	400	33	203	393	33
chr13	48321128	CG	228	396	33	213	387	33
chr13	48321130	CG	237	403	33	204	384	33
chr13	48321145	CG	255	421	33	190	370	33
chr13	48321151	CG	259	426	33	196	380	33
chr13	48321156	CG	250	436	33	201	392	33
chr13	48321158	CG	255	427	33	197	392	33
chr13	48321163	CG	239	420	33	184	377	33
chr13	48321169	CG	225	393	33	179	363	33
chr13	48321179	CG	226	402	33	191	375	33
chr13	48321182	CG	234	410	33	194	373	33
chr13	48321188	CG	217	416	33	187	373	33
chr13	48321342	CG	93	210	33	155	258	33
chr13	48321349	CG	89	194	33	150	239	33
chr13	48321351	CG	82	187	33	145	251	33
chr13	48321353	CG	89	188	33	129	231	33
chr13	48321377	CG	18	38	33	47	88	33
chr13	48321381	CG	28	60	33	54	222	33
chr13	48321388	CG	53	94	33	66	135	33
chr13	48321396	CG	59	117	33	77	151	33
chr13	48321398	CG	65	125	33	80	160	33
chr13	48321400	CG	70	129	33	86	170	33
chr13	48321403	CG	74	143	33	86	176	33
chr13	48321412	CG	92	169	33	96	192	33
chr13	48321417	CG	103	208	33	102	212	33
chr13	48321569	CG	175	232	33	95	130	33
chr13	48321581	CG	154	195	33	97	114	33
chr13	48321583	CG	145	199	33	94	112	33
chr13	48321593	CG	115	179	33	83	107	33
chr13	48321614	CG	108	142	34	68	84	33
chr13	48321626	CG	95	126	33	61	75	33
chr13	48321653	CG	63	88	33	48	52	33
chr13	48321684	CG	36	64	33	28	39	34
chr14	100809093	CG	106	178	33	62	137	33
chr14	100809160	CG	272	321	33	234	297	33
chr14	100809179	CG	268	364	33	214	303	33
chr14	100809197	CG	277	327	33	215	261	33
chr14	100809368	CG	196	333	33	167	310	34
chr14	100809370	CG	213	330	33	176	312	33
chr14	100809375	CG	246	354	33	219	314	33
chr14	100809386	CG	203	338	33	168	304	33
chr14	100809388	CG	195	330	33	168	312	33
chr14	100809517	CG	169	246	33	195	288	33
chr14	100809538	CG	195	269	33	183	266	33
chr14	100809553	CG	221	279	33	190	267	33
chr14	100809612	CG	130	249	33	139	295	33
chr14	100809675	CG	120	267	33	139	297	33
chr14	100809706	CG	149	281	33	186	330	33
chr14	100809709	CG	162	275	33	194	328	33
chr14	100809818	CG	177	296	33	141	229	33
chr14	100809893	CG	159	238	34	171	229	33
chr14	100809967	CG	215	266	33	215	270	33
chr14	100810031	CG	237	294	33	193	228	33
chr14	100810233	CG	75	114	33	73	94	33
chr14	100810239	CG	79	113	33	77	102	34
chr14	100810295	CG	67	111	34	55	98	33
chr14	100810353	CG	86	131	33	43	63	33
chr14	100810364	CG	74	127	33	38	65	34
chr14	100810384	CG	108	137	33	61	72	33
chr14	100810398	CG	79	143	33	41	67	33
chr14	100810405	CG	57	130	33	33	68	34
chr14	100810414	CG	87	132	33	38	64	33
chr14	100810442	CG	150	158	33	55	70	33
chr14	100810452	CG	170	182	33	67	81	33
chr14	100810600	CG	265	305	33	341	386	33
chr14	100810629	CG	191	288	33	226	349	33
chr14	100810638	CG	249	308	33	319	391	33
chr14	100810774	CG	289	308	33	289	304	33
chr14	100810776	CG	271	300	33	277	309	33
chr14	100810881	CG	219	294	33	241	320	33
chr14	100810929	CG	249	383	33	277	423	33
chr14	100810931	CG	258	383	33	287	430	33
chr14	100810947	CG	282	362	33	299	407	33
chr14	100810949	CG	268	350	33	293	402	33
chr14	100810967	CG	243	324	33	291	396	33
chr14	100811001	CG	150	294	33	204	379	33
chr14	100811019	CG	172	309	33	244	405	33
chr14	100811036	CG	160	338	33	231	415	33
chr14	100811073	CG	219	357	33	252	377	34
chr14	100811087	CG	240	358	33	255	356	33
chr14	100811096	CG	279	349	33	276	340	34
chr14	100811107	CG	239	327	33	266	350	33
chr14	100811109	CG	226	331	33	250	347	33
chr14	100811114	CG	273	353	33	267	330	33
chr14	100811123	CG	257	345	33	245	337	33
chr14	100811160	CG	231	345	33	231	336	33
chr14	100811176	CG	174	314	33	180	314	33
chr14	100811237	CG	140	266	33	177	278	33
chr14	100811292	CG	188	318	33	136	263	33
chr14	100811378	CG	136	224	33	174	305	33
chr14	100811529	CG	326	378	33	271	313	33
chr14	100811551	CG	327	365	33	314	331	33
chr14	100811559	CG	336	365	33	304	330	33
chr14	100811642	CG	301	319	33	318	357	33
chr14	100811703	CG	152	161	34	380	395	33
chr14	100811705	CG	153	162	33	370	386	33
chr14	100811718	CG	137	148	34	324	330	32
chr14	100811730	CG	128	140	33	281	290	33
chr14	100811737	CG	114	127	34	245	251	33
chr14	100811771	CG	63	82	34	156	161	34
chr14	100824147	CG	141	147	33	154	178	33
chr14	100824152	CG	146	163	34	150	170	33
chr14	100824187	CG	152	237	33	179	253	33
chr14	100824189	CG	159	239	33	181	267	33
chr14	100824208	CG	169	290	34	191	328	33
chr14	100824219	CG	160	333	33	189	389	33
chr14	100824227	CG	159	350	33	194	414	33
chr14	100824233	CG	190	391	33	207	421	33
chr14	100824241	CG	234	424	33	226	439	33
chr14	100824255	CG	214	450	33	210	466	33
chr14	100824273	CG	195	451	33	205	458	33
chr14	100824275	CG	183	453	33	187	454	33
chr14	100824277	CG	193	439	33	197	450	33
chr14	100824280	CG	205	437	33	202	437	33
chr14	100824290	CG	182	420	33	204	434	33
chr14	100824307	CG	156	376	33	221	439	33
chr14	100824316	CG	167	372	33	231	422	33
chr14	100824328	CG	181	378	33	197	414	33
chr14	100824343	CG	179	391	33	189	390	33
chr14	100824352	CG	201	410	33	183	368	33
chr14	100824355	CG	189	401	33	175	356	33
chr14	100824367	CG	188	407	33	158	350	33
chr14	100824380	CG	188	414	33	149	345	33
chr14	100824410	CG	167	384	33	135	334	33
chr14	100824457	CG	106	381	33	91	311	33
chr14	100824471	CG	182	416	33	125	313	33
chr14	100824473	CG	186	405	33	136	316	33
chr14	100824481	CG	212	432	33	141	315	33
chr14	100824502	CG	225	433	33	144	320	33
chr14	100824511	CG	204	432	33	146	318	33
chr14	100824526	CG	172	372	33	157	316	33
chr14	100824530	CG	161	357	33	157	326	33
chr14	100824556	CG	145	354	33	133	317	33
chr14	100824624	CG	125	266	33	166	357	33
chr14	100824649	CG	186	282	33	235	377	33
chr14	100824668	CG	164	318	33	201	397	33
chr14	100824675	CG	174	332	33	207	402	33
chr14	100824697	CG	196	325	33	222	406	33
chr14	100824715	CG	179	347	33	186	414	33
chr14	100824728	CG	197	347	33	202	404	33
chr14	100824731	CG	205	339	33	214	404	33
chr14	100824743	CG	191	341	33	206	393	33
chr14	100824746	CG	210	344	33	227	385	33
chr14	100824763	CG	263	353	33	289	389	33
chr14	100824799	CG	228	322	33	261	367	33
chr14	100824843	CG	170	271	33	283	395	33
chr14	100824871	CG	148	330	33	183	356	33
chr14	100824897	CG	157	306	33	202	384	33
chr14	100824900	CG	160	303	33	211	381	33
chr14	100824923	CG	198	362	33	200	365	33
chr14	100824931	CG	226	394	33	220	373	33
chr14	100824951	CG	290	416	33	290	387	33
chr14	100824954	CG	351	411	33	322	392	33
chr14	100825014	CG	197	233	33	324	390	33
chr14	100825073	CG	169	310	33	204	404	33
chr14	100825103	CG	191	309	33	217	367	33
chr14	100825122	CG	187	326	33	210	388	33
chr14	100825132	CG	225	322	33	258	379	33
chr14	100825150	CG	168	315	33	214	385	33
chr14	100825163	CG	147	299	33	212	372	33
chr14	100825207	CG	160	333	33	213	407	33
chr14	100825213	CG	150	336	34	202	393	33
chr14	100825219	CG	154	341	33	226	406	33
chr14	100825221	CG	157	344	33	233	412	33
chr14	100825231	CG	150	325	33	209	383	33
chr14	100825234	CG	211	335	33	248	380	33
chr14	100825246	CG	197	350	33	222	388	33
chr14	100825260	CG	153	343	33	182	355	33
chr14	100825265	CG	171	348	33	181	352	33
chr14	100825350	CG	226	346	33	245	345	33
chr14	100825381	CG	158	354	33	149	327	33
chr14	100825454	CG	187	394	33	154	295	33
chr14	100825483	CG	146	322	33	137	274	33
chr14	100825490	CG	149	319	33	153	264	33
chr14	100825492	CG	141	312	33	157	301	33
chr14	100825509	CG	138	312	33	199	369	33
chr14	100825519	CG	122	290	33	200	388	34
chr14	100825548	CG	120	264	33	176	381	33
chr14	100825554	CG	119	265	33	162	338	33
chr14	100825556	CG	122	264	33	158	331	33
chr14	100825596	CG	60	153	33	168	332	33
chr14	100825600	CG	53	128	33	176	338	33
chr14	100825656	CG	112	222	33	178	344	33
chr14	100825660	CG	113	224	33	181	360	33
chr14	100825707	CG	124	259	33	208	397	33
chr14	100825716	CG	141	284	33	196	393	33
chr14	100825725	CG	145	281	33	196	382	34
chr14	100825737	CG	162	314	33	196	398	33
chr14	100825743	CG	150	323	33	192	391	33
chr14	100825761	CG	167	339	33	187	386	33
chr14	100825766	CG	166	326	33	181	375	33
chr14	100825787	CG	149	329	33	181	357	33
chr14	100825791	CG	150	331	33	180	365	33
chr14	100825801	CG	171	368	33	185	379	33
chr14	100825812	CG	171	376	33	188	385	33
chr14	100825817	CG	188	387	33	188	392	33
chr14	100825858	CG	160	368	33	172	389	33
chr14	100825863	CG	160	357	33	170	391	33
chr14	100825871	CG	167	378	33	183	412	33
chr14	100825888	CG	167	371	33	150	336	33
chr14	100825890	CG	171	388	33	150	363	33
chr14	100825913	CG	212	449	33	152	375	33
chr14	100825928	CG	192	410	33	152	339	33
chr14	100825969	CG	134	255	33	136	299	33
chr14	100826012	CG	170	313	33	143	315	33
chr14	100826038	CG	164	312	33	157	334	33
chr14	100826055	CG	156	314	33	152	344	33
chr14	100826061	CG	157	314	33	163	345	33
chr14	100826082	CG	164	320	33	161	371	33
chr14	100826117	CG	163	317	33	159	370	33
chr14	100826123	CG	153	298	33	144	359	33
chr14	100826126	CG	164	310	33	137	343	33
chr14	100826144	CG	164	326	33	153	346	33
chr14	100826146	CG	171	324	33	156	349	33
chr14	100826156	CG	170	335	33	169	370	33
chr14	100826168	CG	181	354	33	176	370	33
chr14	100826171	CG	185	353	33	175	359	33
chr14	100826193	CG	169	334	33	156	340	33
chr14	100826199	CG	166	325	33	154	329	33
chr14	100826216	CG	171	335	33	141	314	33
chr14	100826240	CG	154	324	33	127	284	33
chr14	100826264	CG	167	342	33	123	292	33
chr14	100826271	CG	178	346	33	122	291	33
chr14	100826306	CG	167	334	33	140	312	33
chr14	100826343	CG	172	346	33	153	310	33
chr14	100826352	CG	178	351	33	161	318	33
chr14	100826363	CG	183	362	33	159	319	33
chr14	100826367	CG	179	364	33	144	307	33
chr14	100826371	CG	178	360	33	153	301	33
chr14	100826495	CG	173	344	33	118	259	33
chr14	100826527	CG	177	335	33	166	308	33
chr14	100826535	CG	185	338	33	170	319	33
chr14	100826552	CG	175	340	33	164	334	33
chr14	100826559	CG	169	339	33	170	345	33
chr14	100826580	CG	195	363	33	159	341	33
chr14	100826592	CG	178	340	33	140	314	33
chr14	100826594	CG	177	340	33	143	315	33
chr14	100826615	CG	179	337	33	146	304	33
chr14	100826618	CG	187	342	33	140	310	33
chr14	100826630	CG	195	353	33	136	294	33
chr14	100826660	CG	186	364	33	109	259	33
chr14	100826677	CG	188	378	33	115	265	33
chr14	100826692	CG	179	366	33	129	269	33
chr14	100826722	CG	187	377	33	146	295	33
chr14	100826728	CG	180	374	33	147	289	33
chr14	100826751	CG	175	357	33	153	285	33
chr14	100826753	CG	180	350	33	151	280	33
chr14	100826763	CG	166	327	33	147	271	33
chr14	100826829	CG	135	293	33	128	276	33
chr14	100826882	CG	175	304	33	159	320	33
chr14	100826928	CG	111	208	33	139	245	33
chr14	100826939	CG	106	198	33	122	235	33
chr14	100826999	CG	187	403	33	86	170	33
chr14	100827067	CG	223	479	33	136	267	33
chr14	100827091	CG	234	466	33	178	325	33
chr14	100827093	CG	229	459	33	180	337	33
chr14	100827108	CG	216	437	33	199	356	33
chr14	100827113	CG	207	429	33	198	355	33
chr14	100827122	CG	207	429	33	211	377	33
chr14	100827126	CG	199	422	33	203	386	33
chr14	100827168	CG	175	379	33	167	375	33
chr14	100827211	CG	141	325	33	99	215	33
chr14	100827231	CG	125	305	33	97	229	33
chr14	100827234	CG	131	306	33	117	246	33
chr14	100827249	CG	154	333	33	147	271	33
chr14	100827255	CG	174	355	33	168	297	33
chr14	100827265	CG	175	363	33	166	299	33
chr14	100827298	CG	143	324	33	176	329	33
chr14	100827300	CG	153	313	33	163	330	33
chr14	100827308	CG	135	290	33	194	350	33
chr14	100827314	CG	127	272	33	189	345	33
chr14	100827322	CG	108	233	33	192	334	33
chr14	100827337	CG	88	180	33	182	322	33
chr14	100827383	CG	120	260	33	156	297	33
chr14	100827387	CG	143	276	33	165	305	33
chr14	100827389	CG	146	285	33	165	313	33
chr14	100827415	CG	141	297	33	161	319	33
chr14	100827449	CG	173	337	33	189	331	33
chr14	100827460	CG	190	357	33	190	320	33
chr14	100827469	CG	221	387	33	212	330	33
chr14	100827478	CG	205	401	33	200	344	33
chr14	100827484	CG	208	419	33	197	349	33
chr14	100827493	CG	240	415	33	209	348	33
chr14	100827496	CG	227	432	33	194	341	33
chr14	100827504	CG	223	443	33	185	332	33
chr14	100827519	CG	318	430	33	218	295	33
chr14	100827531	CG	238	431	33	144	260	33
chr14	100827561	CG	219	434	33	86	164	33
chr14	100827636	CG	172	293	33	80	116	33
chr14	100827640	CG	191	271	33	74	98	33
chr14	100827665	CG	168	187	33	41	46	33
chr14	100827680	CG	127	183	33	57	71	33
chr14	100827692	CG	155	167	33	56	58	33
chr14	100827713	CG	150	159	33	45	48	32
chr14	100827719	CG	133	150	33	38	41	33
chr14	100827726	CG	114	156	33	42	47	33
chr14	100827729	CG	92	153	33	32	43	33
chr14	100827746	CG	72	104	33	24	29	33
chr14	100827759	CG	44	87	33	15	23	34
chr14	100904326	CG	52	74	33	34	59	34
chr14	100904362	CG	72	157	33	28	111	33
chr14	100904404	CG	94	232	33	95	192	33
chr14	100904424	CG	83	265	33	111	247	33
chr14	100904443	CG	128	307	33	132	268	33
chr14	100904463	CG	142	336	33	155	344	33
chr14	100904468	CG	164	342	33	183	356	33
chr14	100904519	CG	162	332	33	154	347	33
chr14	100904527	CG	132	308	33	133	343	33
chr14	100904566	CG	125	282	33	104	305	33
chr14	100904599	CG	142	264	33	153	339	33
chr14	100904602	CG	132	268	33	143	330	33
chr14	100904619	CG	112	246	33	181	369	33
chr14	100904622	CG	112	238	33	181	374	33
chr14	100904634	CG	97	206	33	185	380	33
chr14	100904643	CG	82	185	33	177	376	33
chr14	100904647	CG	67	157	33	176	369	33
chr14	100904652	CG	52	137	33	162	360	33
chr14	100904655	CG	55	121	33	157	356	33
chr14	100904664	CG	44	99	33	179	380	33
chr14	100904668	CG	39	96	33	178	391	33
chr14	100904673	CG	27	72	33	172	383	33
chr14	100904693	CG	10	26	33	178	386	33
chr14	100904703	CG	24	49	33	171	378	33
chr14	100904708	CG	27	51	33	176	375	33
chr14	100904715	CG	26	55	33	179	373	33
chr14	100904731	CG	55	115	33	179	375	33
chr14	100904748	CG	74	156	33	178	368	33
chr14	100904754	CG	91	184	33	165	358	33
chr14	100904774	CG	100	239	33	160	345	33
chr14	100904786	CG	94	233	33	146	322	33
chr14	100904802	CG	130	275	33	144	305	33
chr14	100904809	CG	129	285	33	144	299	33
chr14	100904829	CG	148	304	33	129	292	33
chr14	100904858	CG	186	371	33	164	332	33
chr14	100904863	CG	178	385	33	164	335	33
chr14	100904876	CG	202	388	33	193	360	33
chr14	100904888	CG	183	419	33	186	396	33
chr14	100904897	CG	170	448	33	150	372	33
chr14	100904910	CG	219	444	33	152	317	33
chr14	100904943	CG	229	515	33	99	241	33
chr14	100904996	CG	224	510	33	132	281	33
chr14	100905000	CG	275	496	33	162	267	33
chr14	100905028	CG	282	404	33	156	207	33
chr14	100905081	CG	142	228	33	95	158	33
chr15	23561912	CG	90	107	33	85	118	33
chr15	23561939	CG	81	123	33	86	132	33
chr15	23562033	CG	165	278	33	187	346	33
chr15	23562047	CG	134	294	33	158	354	33
chr15	23562049	CG	118	295	33	151	361	33
chr15	23562062	CG	194	295	33	234	372	33
chr15	23562078	CG	138	308	33	182	391	33
chr15	23562081	CG	155	310	33	196	395	33
chr15	23562087	CG	138	311	33	165	393	33
chr15	23562099	CG	123	331	33	163	398	33
chr15	23562107	CG	179	311	33	255	387	33
chr15	23562109	CG	135	330	33	164	376	33
chr15	23562111	CG	146	325	33	191	366	33
chr15	23562121	CG	109	339	33	123	350	33
chr15	23562138	CG	102	320	33	111	336	33
chr15	23562141	CG	147	321	33	169	332	33
chr15	23562148	CG	142	315	33	152	341	33
chr15	23562236	CG	104	276	33	107	260	33
chr15	23562253	CG	121	257	33	123	269	33
chr15	23562266	CG	155	250	33	159	287	33
chr15	23562376	CG	166	249	33	204	364	33
chr15	23562400	CG	138	285	33	143	345	33
chr15	23562425	CG	136	253	33	191	351	33
chr15	23562444	CG	164	265	33	190	324	33
chr15	23562824	CG	97	136	33	134	198	33
chr15	23563087	CG	126	169	33	210	276	33
chr15	23563355	CG	229	251	33	88	95	33
chr15	23563548	CG	87	100	33	172	216	33
chr15	23563630	CG	20	39	34	81	112	33
chr15	23564728	CG	44	55	34	107	135	33
chr15	23564798	CG	104	113	33	184	218	33
chr15	23565016	CG	211	292	33	204	289	33
chr15	23565091	CG	200	300	34	136	216	33
chr15	23565133	CG	231	272	33	175	226	33
chr15	23565184	CG	216	261	33	210	262	33
chr15	23565187	CG	221	261	33	223	256	33
chr15	23565199	CG	218	262	33	220	248	33
chr15	23565203	CG	219	270	33	216	249	33
chr15	23565225	CG	242	291	33	190	212	33
chr15	23565227	CG	243	289	33	182	204	33
chr15	23565231	CG	238	287	33	176	196	33
chr15	23565353	CG	196	242	34	174	206	33
chr15	23565364	CG	203	239	34	177	210	33
chr15	23565369	CG	212	246	33	187	215	33
chr15	23565379	CG	220	254	34	194	225	33
chr15	23565425	CG	186	246	33	161	222	33
chr15	23565451	CG	260	304	33	228	285	33
chr15	23565461	CG	261	316	33	242	318	33
chr15	23565505	CG	278	348	33	287	347	33
chr15	23565517	CG	277	354	33	274	341	33
chr15	23565545	CG	265	323	33	268	338	33
chr15	23565566	CG	241	318	33	259	340	33
chr15	23565570	CG	250	319	33	256	327	33
chr15	23565592	CG	240	294	33	265	333	33
chr15	23565610	CG	221	304	33	245	348	33
chr15	23565696	CG	301	362	33	381	457	33
chr15	23565700	CG	300	371	33	402	481	33
chr15	23565702	CG	315	364	33	423	494	33
chr15	23565706	CG	316	376	33	407	471	33
chr15	23565714	CG	290	345	33	369	428	33
chr15	23565743	CG	294	356	33	290	350	33
chr15	23565765	CG	249	376	33	237	362	33
chr15	23565815	CG	233	359	33	251	377	33
chr15	23565824	CG	297	369	33	316	404	33
chr15	23565871	CG	312	407	33	349	434	33
chr15	23565881	CG	322	402	33	345	427	33
chr15	23565896	CG	312	374	33	335	406	33
chr15	23565934	CG	294	345	33	353	425	33
chr15	23565984	CG	228	325	33	301	419	33
chr15	23566039	CG	255	337	33	263	357	33
chr15	23566050	CG	258	325	33	279	359	33
chr15	23566058	CG	258	327	33	273	333	33
chr15	23566128	CG	256	383	33	208	316	33
chr15	23566135	CG	295	383	33	264	325	33
chr15	23566139	CG	270	367	33	245	338	33
chr15	23566152	CG	268	358	33	276	346	33
chr15	23566175	CG	312	390	33	263	345	33
chr15	23566180	CG	325	412	33	268	336	33
chr15	23566183	CG	324	403	33	271	340	33
chr15	23566216	CG	319	394	33	282	344	33
chr15	23566222	CG	307	382	33	272	346	33
chr15	23566229	CG	317	408	33	263	335	33
chr15	23566237	CG	316	418	33	252	305	33
chr15	23566252	CG	304	395	33	250	313	33
chr15	23566264	CG	264	364	33	246	316	33
chr15	23566300	CG	227	295	33	272	339	33
chr15	23566328	CG	305	367	33	239	303	33
chr15	23566347	CG	323	404	33	231	312	33
chr15	23566384	CG	328	415	33	249	328	33
chr15	23566419	CG	288	375	33	231	330	33
chr15	23566425	CG	290	378	33	247	328	33
chr15	23566445	CG	260	373	33	211	340	34
chr15	23566506	CG	310	379	33	208	266	33
chr15	23566542	CG	196	394	33	135	285	33
chr15	23566580	CG	301	382	33	227	273	33
chr15	23566661	CG	267	340	33	192	253	33
chr15	23566681	CG	302	385	33	192	237	33
chr15	23566695	CG	320	389	33	180	222	33
chr15	23566761	CG	307	339	33	262	285	33
chr15	23566764	CG	312	345	33	252	277	33
chr15	23566815	CG	316	351	33	238	260	33
chr15	23566853	CG	266	344	34	186	215	33
chr15	23566993	CG	264	284	33	271	297	33
chr15	23567099	CG	314	357	33	247	284	33
chr15	23567130	CG	301	346	33	230	269	33
chr15	23567180	CG	282	328	33	251	282	33
chr15	23567187	CG	273	313	33	246	278	33
chr15	23567211	CG	207	257	33	222	257	33
chr15	23567310	CG	207	276	33	112	133	34
chr15	23567348	CG	116	167	33	59	96	34
chr15	23647158	CG	85	94	33	13	16	34
chr15	23647179	CG	114	140	33	18	27	33
chr15	23647188	CG	134	166	33	23	40	33
chr15	23647209	CG	149	197	33	43	53	33
chr15	23647218	CG	156	210	33	41	59	33
chr15	23647239	CG	165	258	33	57	91	33
chr15	23647248	CG	172	266	33	71	112	33
chr15	23647278	CG	179	325	33	107	199	33
chr15	23647308	CG	310	467	33	165	265	33
chr15	23647337	CG	265	491	33	222	368	33
chr15	23647368	CG	221	467	33	208	416	33
chr15	23647374	CG	224	460	33	228	409	33
chr15	23647389	CG	215	450	33	233	435	33
chr15	23647398	CG	219	461	33	252	469	33
chr15	23647427	CG	211	460	33	244	488	33
chr15	23647434	CG	223	472	33	228	471	33
chr15	23647449	CG	201	452	33	201	441	33
chr15	23647461	CG	191	430	33	180	410	33
chr15	23647470	CG	211	427	33	184	410	33
chr15	23647479	CG	223	446	33	192	396	33
chr15	23647509	CG	236	458	33	209	393	33
chr15	23647518	CG	219	456	33	212	396	33
chr15	23647523	CG	194	437	33	193	381	33
chr15	23647574	CG	159	401	33	122	353	33
chr15	23647623	CG	205	413	33	166	370	33
chr15	23647630	CG	226	437	33	163	373	33
chr15	23647640	CG	241	433	33	164	371	33
chr15	23647644	CG	247	440	33	160	373	33
chr15	23647651	CG	252	451	33	156	373	33
chr15	23647662	CG	247	442	33	148	372	33
chr15	23647669	CG	255	452	33	169	401	33
chr15	23647683	CG	241	428	33	183	402	33
chr15	23647689	CG	230	409	33	189	391	33
chr15	23647698	CG	216	389	33	197	380	33
chr15	23647701	CG	217	394	33	191	368	33
chr15	23647710	CG	174	376	33	167	346	33
chr15	23647737	CG	185	372	33	172	321	33
chr15	23647776	CG	195	396	33	150	330	33
chr15	23647821	CG	150	376	33	89	244	33
chr15	23647878	CG	141	418	33	87	244	33
chr15	23647883	CG	165	437	33	92	241	33
chr15	23647893	CG	197	443	33	88	201	33
chr15	23647928	CG	133	408	33	42	119	32
chr15	23647939	CG	145	363	33	58	159	33
chr15	23647945	CG	152	335	33	71	192	33
chr15	23647975	CG	148	303	33	113	255	33
chr15	23647982	CG	145	311	33	134	269	34
chr15	23648165	CG	168	359	33	121	222	33
chr15	23648168	CG	164	356	33	113	218	33
chr15	23648205	CG	162	328	33	128	219	33
chr15	23648221	CG	164	370	33	111	190	33
chr15	23648381	CG	154	364	33	122	245	33
chr15	23648424	CG	171	321	33	135	249	33
chr15	23648595	CG	125	318	33	67	162	33
chr15	23648622	CG	170	276	33	90	168	33
chr15	23648694	CG	222	292	33	108	127	33
chr15	23648775	CG	142	216	33	82	112	33
chr15	23648881	CG	74	99	33	31	33	34
chr15	23686274	CG	103	135	33	98	136	33
chr15	23686304	CG	121	187	33	122	194	33
chr15	23686340	CG	183	276	34	160	272	33
chr15	23686413	CG	248	346	33	243	317	33
chr15	23686415	CG	273	340	33	267	320	33
chr15	23686424	CG	254	342	33	222	318	33
chr15	23686443	CG	162	331	33	161	328	33
chr15	23686449	CG	180	335	33	178	314	33
chr15	23686453	CG	173	349	33	154	320	33
chr15	23686461	CG	187	344	33	182	326	33
chr15	23686470	CG	189	359	33	178	333	33
chr15	23686472	CG	83	356	33	113	337	33
chr15	23686500	CG	128	360	33	104	307	33
chr15	23686523	CG	289	319	33	294	322	33
chr15	23686527	CG	217	328	33	195	337	33
chr15	23686533	CG	232	333	33	236	348	34
chr15	23686559	CG	226	340	33	239	374	33
chr15	23686574	CG	229	352	33	247	375	33
chr15	23686581	CG	173	372	33	167	364	33
chr15	23686590	CG	212	352	33	196	348	33
chr15	23686593	CG	245	351	33	251	351	33
chr15	23686605	CG	174	335	33	211	364	33
chr15	23686608	CG	190	338	33	195	369	33
chr15	23686610	CG	167	342	33	187	383	33
chr15	23686620	CG	133	353	33	149	388	33
chr15	23686667	CG	160	390	33	170	419	33
chr15	23686678	CG	163	390	33	171	403	33
chr15	23686698	CG	161	370	33	162	394	33
chr15	23686708	CG	128	390	33	119	389	33
chr15	23686720	CG	191	399	33	195	393	33
chr15	23686764	CG	213	380	33	182	337	33
chr15	23686772	CG	166	388	33	150	338	33
chr15	23686776	CG	148	369	33	142	340	33
chr15	23686793	CG	123	367	33	97	337	33
chr15	23686796	CG	260	392	33	217	347	33
chr15	23686830	CG	199	392	33	182	353	33
chr15	23686893	CG	87	395	33	106	393	33
chr15	23686908	CG	129	417	33	130	387	33
chr15	23686912	CG	168	420	33	151	379	33
chr15	23686930	CG	143	434	33	133	363	33
chr15	23686933	CG	191	438	33	152	357	33
chr15	23686942	CG	115	466	33	84	374	33
chr15	23686948	CG	125	455	33	95	378	33
chr15	23686954	CG	181	458	33	131	359	33
chr15	23686963	CG	157	482	33	120	373	33
chr15	23686965	CG	99	478	33	84	377	33
chr15	23686969	CG	196	484	33	155	383	33
chr15	23686983	CG	117	481	33	106	390	33
chr15	23686985	CG	116	469	33	101	393	33
chr15	23686996	CG	157	462	33	154	397	33
chr15	23687017	CG	202	493	33	150	384	33
chr15	23687022	CG	71	500	33	57	371	33
chr15	23687028	CG	119	503	33	89	379	33
chr15	23687031	CG	145	488	33	104	366	33
chr15	23687035	CG	192	493	33	128	361	33
chr15	23687050	CG	117	484	33	90	370	33
chr15	23687053	CG	159	497	33	94	376	33
chr15	23687055	CG	171	507	33	98	390	33
chr15	23687062	CG	142	516	33	91	373	33
chr15	23687067	CG	130	513	33	87	374	33
chr15	23687071	CG	176	512	33	126	382	33
chr15	23687074	CG	130	523	33	85	377	33
chr15	23687095	CG	172	464	33	122	359	33
chr15	23687110	CG	61	453	33	58	338	33
chr15	23687112	CG	120	441	33	101	354	33
chr15	23687116	CG	139	441	33	90	352	33
chr15	23687131	CG	181	411	33	151	351	33
chr15	23687157	CG	64	417	33	74	383	33
chr15	23687172	CG	154	417	33	149	393	33
chr15	23687190	CG	39	402	33	41	381	33
chr15	23687223	CG	70	352	33	97	365	33
chr15	23687226	CG	150	350	33	167	362	33
chr15	23687250	CG	70	363	33	62	343	33
chr15	23687265	CG	107	353	33	117	358	33
chr15	23687273	CG	88	340	33	87	319	33
chr15	23687282	CG	48	315	34	43	356	33
chr15	23687284	CG	38	308	33	28	351	33
chr15	23687305	CG	65	335	33	69	328	33
chr15	23687307	CG	101	318	33	113	341	33
chr15	23687315	CG	106	333	33	113	349	33
chr15	23687317	CG	89	336	33	84	365	33
chr15	23687319	CG	113	346	33	105	371	33
chr15	23687322	CG	90	349	33	85	362	33
chr15	23687329	CG	105	356	33	98	370	33
chr15	23687334	CG	67	365	33	56	384	33
chr15	23687337	CG	76	373	33	55	380	33
chr15	23687346	CG	98	378	33	83	374	33
chr15	23687351	CG	101	384	33	102	380	33
chr15	23687354	CG	136	383	33	112	359	33
chr15	23687357	CG	92	381	33	49	357	33
chr15	23687362	CG	117	385	33	97	390	33
chr15	23687364	CG	142	370	33	141	393	33
chr15	23687372	CG	127	373	33	130	370	33
chr15	23687378	CG	123	356	33	129	371	33
chr15	23687380	CG	115	342	33	121	372	33
chr15	23687384	CG	122	338	33	137	364	33
chr15	23687386	CG	79	325	33	100	370	33
chr15	23687399	CG	63	283	33	108	376	33
chr15	23687409	CG	40	253	33	48	363	33
chr15	23687413	CG	32	219	33	55	372	33
chr15	23687421	CG	20	258	33	26	352	33
chr15	23687423	CG	12	243	33	29	354	33
chr15	23687431	CG	50	301	33	61	347	33
chr15	23687434	CG	28	291	33	27	342	33
chr15	23687450	CG	20	321	33	25	294	33
chr15	23687473	CG	61	339	33	53	243	33
chr15	23687479	CG	93	348	33	80	249	33
chr15	23687535	CG	133	348	33	68	143	33
chr15	23687611	CG	119	175	33	47	65	33
chr15	23687671	CG	74	103	33	17	19	34
chr15	24823417	CG	111	139	34	87	131	34
chr15	24823431	CG	130	155	33	109	143	34
chr15	24823585	CG	161	355	33	191	369	33
chr15	24823591	CG	154	347	33	189	367	33
chr15	24823607	CG	151	305	33	203	375	33
chr15	24823610	CG	147	315	33	199	383	33
chr15	24823616	CG	158	330	33	197	378	33
chr15	24823622	CG	174	337	33	198	371	33
chr15	24823643	CG	140	337	33	156	355	33
chr15	24823661	CG	186	346	33	182	348	33
chr15	24823703	CG	168	375	33	161	348	33
chr15	24823756	CG	94	308	33	73	278	33
chr15	24823801	CG	72	255	33	46	203	33
chr15	24823883	CG	53	99	33	96	179	33
chr15	24823994	CG	29	51	33	80	110	34
chr15	24824129	CG	70	169	33	54	102	33
chr15	24824195	CG	172	202	33	167	191	33
chr15	24824229	CG	132	227	33	81	175	33
chr15	24824333	CG	106	137	33	92	128	33
chr15	24824348	CG	103	122	33	101	109	33
chr15	24954857	CG	78	201	33	39	134	33
chr15	24954889	CG	156	331	33	89	247	33
chr15	24954902	CG	184	391	33	118	301	33
chr15	24954908	CG	191	399	33	130	319	33
chr15	24954910	CG	197	399	33	128	321	33
chr15	24954914	CG	197	413	33	137	348	33
chr15	24954930	CG	203	426	33	147	341	33
chr15	24954932	CG	205	428	33	148	346	33
chr15	24954944	CG	227	458	33	162	347	33
chr15	24954956	CG	220	464	33	155	352	33
chr15	24954966	CG	212	459	33	161	345	33
chr15	24954977	CG	199	435	33	149	324	33
chr15	24954986	CG	203	437	33	170	342	33
chr15	24954998	CG	212	434	33	185	374	33
chr15	24955002	CG	210	426	33	189	376	33
chr15	24955005	CG	208	417	33	198	383	33
chr15	24955018	CG	196	405	33	193	362	33
chr15	24955035	CG	198	401	33	191	368	33
chr15	24955045	CG	200	406	33	186	372	33
chr15	24955047	CG	202	417	33	179	365	33
chr15	24955055	CG	186	403	33	172	342	33
chr15	24955074	CG	196	414	33	161	345	33
chr15	24955106	CG	166	369	33	171	359	33
chr15	24955163	CG	160	336	33	144	320	33
chr15	24955206	CG	158	322	33	158	305	33
chr15	24955234	CG	178	357	33	195	370	33
chr15	24955244	CG	162	340	33	188	361	33
chr15	24955259	CG	177	358	33	195	373	33
chr15	24955263	CG	194	364	33	192	373	33
chr15	24955273	CG	191	362	33	204	377	33
chr15	24955275	CG	201	370	33	199	368	33
chr15	24955286	CG	185	373	33	188	338	33
chr15	24955304	CG	211	406	33	191	331	33
chr15	24955306	CG	217	412	33	194	332	33
chr15	24955321	CG	218	439	33	202	338	34
chr15	24955331	CG	226	451	33	193	338	33
chr15	24955343	CG	234	456	33	196	328	33
chr15	24955363	CG	238	473	33	177	283	33
chr15	24955372	CG	232	461	33	160	255	34
chr15	24955426	CG	203	447	33	131	209	33
chr15	24955433	CG	206	443	33	124	208	33
chr15	24955441	CG	219	465	33	128	201	33
chr15	24955472	CG	242	505	33	120	173	33
chr15	24955501	CG	238	524	33	112	158	33
chr15	24955506	CG	236	515	33	120	163	34
chr15	24955514	CG	233	501	33	122	166	33
chr15	24955525	CG	227	509	33	127	175	33
chr15	24955546	CG	216	487	33	121	195	33
chr15	24955575	CG	199	463	33	145	222	33
chr15	24955592	CG	200	415	33	182	236	33
chr15	24955599	CG	191	384	33	180	239	33
chr15	24955616	CG	203	263	33	161	191	33
chr15	24955619	CG	204	270	33	165	193	33
chr15	24955628	CG	231	333	33	158	219	33
chr15	24955633	CG	230	338	33	155	233	33
chr15	24955668	CG	222	407	33	170	284	33
chr15	24955701	CG	202	464	33	149	252	33
chr15	24955703	CG	198	445	33	143	237	33
chr15	24955706	CG	208	464	33	142	236	33
chr15	24955708	CG	218	479	33	135	233	33
chr15	24955719	CG	216	480	33	121	225	34
chr15	24955750	CG	226	466	33	157	278	33
chr15	24955753	CG	216	474	33	155	281	33
chr15	24955769	CG	215	476	33	160	300	33
chr15	24955772	CG	222	485	33	164	309	33
chr15	24955788	CG	226	506	33	162	326	33
chr15	24955801	CG	236	505	33	162	308	33
chr15	24955817	CG	222	485	33	193	351	33
chr15	24955820	CG	214	475	33	190	353	33
chr15	24955832	CG	216	491	33	194	372	33
chr15	24955835	CG	218	492	33	176	354	33
chr15	24955855	CG	192	461	33	180	360	33
chr15	24955867	CG	190	451	33	197	372	33
chr15	24955871	CG	195	455	33	194	368	33
chr15	24955873	CG	193	451	33	197	373	33
chr15	24955883	CG	199	452	33	195	373	33
chr15	24955890	CG	197	436	33	178	365	33
chr15	24955906	CG	194	426	33	167	346	33
chr15	24955961	CG	186	408	33	150	312	33
chr15	24955988	CG	163	361	33	145	310	33
chr15	24956041	CG	158	342	33	147	300	33
chr15	24956058	CG	153	319	33	153	296	33
chr15	24956077	CG	143	314	33	138	284	33
chr15	24956090	CG	134	293	33	142	279	33
chr15	24956109	CG	111	261	33	109	224	33
chr15	24956257	CG	138	330	33	94	248	33
chr15	24956282	CG	155	336	33	111	266	33
chr15	24956316	CG	175	325	33	116	296	33
chr15	24956319	CG	173	327	33	115	279	33
chr15	24956327	CG	180	319	33	115	284	33
chr15	24956340	CG	183	308	33	125	260	33
chr15	24956346	CG	187	302	33	121	255	33
chr15	24956354	CG	167	256	33	113	255	33
chr15	24956366	CG	137	218	33	119	242	33
chr15	24956385	CG	119	236	33	125	249	33
chr15	24956432	CG	190	420	33	114	244	33
chr15	24956444	CG	209	435	33	134	261	33
chr15	24956482	CG	204	403	33	115	259	33
chr15	24956495	CG	212	427	33	124	269	33
chr15	24956541	CG	201	420	33	144	294	33
chr15	24956547	CG	194	429	33	145	301	33
chr15	24956565	CG	174	412	33	153	297	33
chr15	24956571	CG	189	427	33	153	302	33
chr15	24956585	CG	175	439	33	151	324	33
chr15	24956590	CG	190	431	33	156	343	33
chr15	24956605	CG	210	453	33	159	344	33
chr15	24956615	CG	210	466	33	159	325	33
chr15	24956683	CG	185	410	33	153	356	33
chr15	24956692	CG	199	406	33	152	342	33
chr15	24956725	CG	226	452	33	130	311	33
chr15	24956734	CG	231	492	33	134	331	33
chr15	24956767	CG	207	508	33	137	341	33
chr15	24956828	CG	122	251	33	79	176	33
chr15	98865267	CG	58	97	33	60	104	33
chr15	98865375	CG	159	316	33	118	265	33
chr15	98865395	CG	171	336	33	129	266	33
chr15	98865398	CG	171	337	33	129	262	33
chr15	98865407	CG	167	355	33	138	279	33
chr15	98865428	CG	196	385	33	184	327	33
chr15	98865459	CG	199	407	33	184	367	33
chr15	98865462	CG	204	404	33	180	364	33
chr15	98865471	CG	213	409	33	184	366	33
chr15	98865477	CG	205	402	33	183	369	33
chr15	98865485	CG	213	391	33	182	375	33
chr15	98865490	CG	211	398	33	166	359	34
chr15	98865496	CG	212	401	33	148	339	33
chr15	98865503	CG	219	402	33	153	315	33
chr15	98865512	CG	193	422	33	114	311	33
chr15	98865527	CG	224	431	33	138	286	33
chr15	98865537	CG	217	422	33	110	248	33
chr15	98865575	CG	212	419	33	93	209	33
chr15	98865579	CG	215	406	33	95	205	33
chr15	98865660	CG	159	290	33	107	219	33
chr15	98865690	CG	147	311	33	128	266	33
chr15	98865721	CG	156	296	33	122	242	33
chr15	98865723	CG	155	288	33	118	243	33
chr15	98865729	CG	159	289	33	115	242	33
chr15	98865745	CG	148	283	33	115	218	33
chr15	98865772	CG	146	268	33	112	245	33
chr15	98865800	CG	141	286	33	121	266	33
chr15	98865809	CG	149	287	34	114	263	33
chr15	98865904	CG	158	337	33	126	269	33
chr15	98865909	CG	162	341	33	125	272	33
chr15	98865916	CG	158	343	33	124	277	33
chr15	98865942	CG	151	325	33	129	272	33
chr15	98865953	CG	143	318	33	130	287	33
chr15	98865965	CG	115	282	33	138	300	33
chr15	98866005	CG	139	314	33	119	287	33
chr15	98866012	CG	148	309	33	120	291	34
chr15	98866039	CG	132	322	33	119	284	34
chr15	98866044	CG	136	336	33	130	290	33
chr15	98866107	CG	162	373	33	126	326	33
chr15	98866111	CG	164	370	33	131	340	33
chr15	98866115	CG	158	364	33	139	335	33
chr15	98866131	CG	132	351	33	139	360	33
chr15	98866147	CG	127	336	33	153	383	33
chr15	98866149	CG	142	337	33	146	378	33
chr15	98866182	CG	129	274	33	124	342	33
chr15	98866197	CG	119	264	33	121	337	33
chr15	98866206	CG	115	277	33	98	336	33
chr15	98866220	CG	128	274	33	147	369	33
chr15	98866239	CG	119	259	33	171	386	33
chr15	98866242	CG	122	258	33	164	382	33
chr15	98866260	CG	112	243	33	133	335	33
chr15	98866277	CG	98	209	33	122	299	33
chr15	98866319	CG	0	202	33	0	272	33
chr15	98866363	CG	80	161	33	73	169	33
chr15	98866420	CG	47	98	33	57	99	33
chr16	3431712	CG	41	49	33	46	56	33
chr16	3431724	CG	66	69	33	66	74	33
chr16	3431758	CG	98	108	34	87	115	33
chr16	3431785	CG	111	125	33	120	141	33
chr16	3431801	CG	104	132	34	116	165	34
chr16	3431819	CG	124	171	34	143	226	33
chr16	3431833	CG	159	209	34	185	282	33
chr16	3431889	CG	185	322	33	190	402	33
chr16	3431920	CG	162	312	33	196	382	33
chr16	3431926	CG	163	309	33	209	386	33
chr16	3431932	CG	168	324	33	212	392	33
chr16	3431938	CG	183	329	33	235	382	33
chr16	3431945	CG	177	330	33	211	387	33
chr16	3431956	CG	176	336	33	207	377	33
chr16	3431961	CG	183	350	33	215	373	33
chr16	3431970	CG	196	380	33	221	383	33
chr16	3431989	CG	196	363	33	187	338	34
chr16	3431997	CG	204	365	33	181	323	33
chr16	3432009	CG	193	377	33	169	330	34
chr16	3432021	CG	234	377	33	223	357	34
chr16	3432029	CG	193	371	33	185	350	33
chr16	3432074	CG	247	365	33	235	336	33
chr16	3432076	CG	226	375	33	202	321	33
chr16	3432078	CG	243	378	33	207	320	33
chr16	3432110	CG	221	299	33	251	339	33
chr16	3432117	CG	217	292	33	234	328	33
chr16	3432143	CG	166	282	33	181	305	33
chr16	3432164	CG	155	272	33	152	274	33
chr16	3432211	CG	189	268	34	172	249	34
chr16	3432232	CG	175	231	33	157	239	33
chr16	3432284	CG	121	191	33	149	245	33
chr16	3432311	CG	92	134	33	166	230	33
chr16	3432387	CG	63	98	33	92	128	33
chr16	3442724	CG	35	37	33	81	87	34
chr16	3442726	CG	38	39	33	93	96	33
chr16	3442741	CG	40	41	34	96	98	34
chr16	3442754	CG	42	42	34	93	99	33
chr16	3442778	CG	37	37	34	78	92	33
chr16	3442828	CG	26	74	34	55	156	33
chr16	3442978	CG	131	275	34	127	237	33
chr16	3443077	CG	178	309	33	193	341	33
chr16	3443099	CG	170	349	33	179	393	33
chr16	3443113	CG	179	356	33	195	392	33
chr16	3443129	CG	195	368	33	211	412	33
chr16	3443133	CG	153	368	33	160	396	33
chr16	3443136	CG	200	370	33	200	394	33
chr16	3443148	CG	150	349	33	140	362	33
chr16	3443158	CG	186	345	33	171	340	33
chr16	3443183	CG	158	339	33	149	290	33
chr16	3443197	CG	119	353	33	93	247	33
chr16	3443210	CG	107	345	33	89	273	33
chr16	3443245	CG	103	308	33	137	370	33
chr16	3443280	CG	94	269	33	194	397	33
chr16	3443290	CG	130	263	33	227	346	33
chr16	3443312	CG	126	255	33	225	407	33
chr16	3443315	CG	129	259	33	211	412	33
chr16	3443336	CG	76	216	33	196	437	33
chr16	3443342	CG	94	246	33	198	444	33
chr16	3443360	CG	91	275	33	157	414	33
chr16	3443365	CG	118	287	33	173	414	33
chr16	3443367	CG	104	288	33	153	409	33
chr16	3443384	CG	165	326	33	187	405	33
chr16	3443386	CG	148	319	33	184	404	33
chr16	3443412	CG	119	329	33	116	426	33
chr16	3443415	CG	139	327	33	159	429	33
chr16	3443419	CG	155	342	33	161	443	33
chr16	3443423	CG	176	356	33	191	451	33
chr16	3443428	CG	123	345	33	137	440	33
chr16	3443430	CG	121	350	33	123	442	33
chr16	3443433	CG	165	345	33	170	439	33
chr16	3443440	CG	137	350	33	146	426	33
chr16	3443445	CG	158	364	33	142	430	33
chr16	3443465	CG	152	379	33	170	417	33
chr16	3443483	CG	158	369	33	161	394	33
chr16	3443494	CG	118	346	33	118	388	33
chr16	3443504	CG	115	323	33	136	377	33
chr16	3443507	CG	150	327	33	159	368	33
chr16	3443513	CG	110	335	33	113	357	33
chr16	3443518	CG	140	345	33	149	355	33
chr16	3443534	CG	141	326	33	132	327	33
chr16	3443557	CG	123	313	33	118	312	33
chr16	3443568	CG	137	319	33	126	289	33
chr16	3443614	CG	108	311	33	119	286	33
chr16	3443641	CG	133	270	33	132	270	33
chr16	3443681	CG	120	250	33	145	266	33
chr16	3443687	CG	141	278	33	131	266	33
chr16	3443693	CG	150	277	33	143	279	33
chr16	3443705	CG	155	317	33	127	274	33
chr16	3443714	CG	148	314	33	122	252	33
chr16	3443763	CG	163	346	33	106	232	33
chr16	3443774	CG	178	355	33	104	238	33
chr16	3443808	CG	154	357	33	153	306	33
chr16	3443815	CG	127	350	33	133	320	33
chr16	3443826	CG	137	341	33	146	330	33
chr16	3443845	CG	155	341	33	156	323	33
chr16	3443876	CG	166	383	33	153	313	33
chr16	3443907	CG	178	388	33	172	329	33
chr16	3443915	CG	180	392	33	166	327	33
chr16	3443955	CG	175	389	33	166	315	33
chr16	3443968	CG	165	366	33	148	297	33
chr16	3443997	CG	166	340	33	132	252	33
chr16	3444006	CG	109	327	33	96	243	33
chr16	3444015	CG	151	326	33	129	259	33
chr16	3444066	CG	132	282	33	136	298	33
chr16	3444077	CG	136	286	33	144	308	33
chr16	3444094	CG	135	287	33	143	309	33
chr16	3444128	CG	32	267	33	36	287	33
chr16	3444130	CG	100	272	33	112	295	33
chr16	3444152	CG	106	284	33	117	292	33
chr16	3444155	CG	115	286	33	124	279	33
chr16	3444162	CG	93	274	33	100	283	33
chr16	3444169	CG	115	280	33	144	287	33
chr16	3444175	CG	117	278	33	132	283	33
chr16	3444462	CG	91	133	34	35	61	34
chr16	34582240	CG	59	69	33	30	39	33
chr16	34583464	CG	46	49	33	70	89	33
chr16	34583487	CG	56	63	34	84	107	33
chr16	34586797	CG	99	103	33	52	63	33
chr16	34586807	CG	117	139	33	60	79	33
chr16	34586823	CG	110	161	33	61	90	33
chr16	34586833	CG	125	154	33	77	89	33
chr16	34586846	CG	118	131	33	47	58	33
chr16	34586856	CG	80	103	33	42	49	33
chr16	34588056	CG	74	76	33	48	64	33
chr16	34588069	CG	102	114	34	65	83	33
chr16	34588105	CG	71	78	33	63	76	33
chr16	34588118	CG	74	80	33	53	60	33
chr16	34588144	CG	76	97	34	52	75	33
chr16	34588167	CG	78	106	33	62	80	33
chr16	34588177	CG	83	106	33	66	86	33
chr16	34588193	CG	79	96	34	68	80	33
chr16	34588252	CG	79	111	33	68	87	33
chr16	34588291	CG	66	77	33	67	85	33
chr16	34588301	CG	56	67	33	59	63	34
chr16	34588314	CG	58	63	34	40	42	33
chr16	34593270	CG	42	50	33	44	53	33
chr16	46386424	CG	58	71	33	28	33	34
chr16	46390046	CG	44	58	33	29	44	33
chr16	46390316	CG	21	22	34	85	93	33
chr16	46390320	CG	19	19	34	91	98	33
chr16	46390332	CG	20	24	34	81	99	33
chr16	46390365	CG	57	73	34	87	111	33
chr16	46390388	CG	60	67	33	72	81	33
chr16	46390401	CG	42	48	34	52	56	33
chr16	46390480	CG	60	66	33	73	90	33
chr16	46390493	CG	86	91	33	106	119	33
chr16	46390519	CG	96	125	33	115	138	33
chr16	46390523	CG	51	134	33	76	148	33
chr16	46390533	CG	122	148	33	112	153	33
chr16	46390552	CG	104	154	33	99	164	33
chr16	46390611	CG	117	131	33	131	150	33
chr16	46390615	CG	62	124	33	74	140	33
chr16	46390634	CG	115	133	33	135	149	33
chr16	46390644	CG	152	161	33	148	159	34
chr16	46390660	CG	146	176	33	139	165	33
chr16	46390670	CG	160	190	33	133	172	33
chr16	46390683	CG	161	188	33	160	174	33
chr16	46390697	CG	168	188	33	169	191	33
chr16	46390709	CG	137	180	33	150	196	33
chr16	46390742	CG	139	166	33	148	181	33
chr16	46390758	CG	121	141	33	129	147	33
chr16	46390768	CG	107	117	33	125	134	33
chr16	46390784	CG	83	92	33	95	109	33
chr16	46390817	CG	57	65	33	61	67	33
chr16	46394499	CG	37	40	34	60	74	33
chr16	46394513	CG	54	61	34	95	112	33
chr16	46394525	CG	64	72	34	94	115	34
chr16	46394548	CG	47	54	34	73	88	33
chr16	46394662	CG	37	56	34	61	95	34
chr16	46394762	CG	35	35	34	81	93	33
chr16	46394778	CG	50	57	34	93	106	34
chr16	46394809	CG	75	97	33	83	103	33
chr16	46394837	CG	55	64	33	66	80	34
chr16	46394876	CG	72	76	34	88	103	33
chr16	46394886	CG	58	68	33	88	104	33
chr16	46394912	CG	23	29	33	60	73	33
chr16	46394951	CG	35	39	33	64	75	34
chr16	46394961	CG	46	49	34	82	85	33
chr16	46394974	CG	41	50	33	56	67	33
chr16	46398902	CG	83	91	34	34	35	33
chr16	46398928	CG	78	95	33	33	38	33
chr19	53537256	CG	79	136	34	65	131	33
chr19	53537277	CG	117	162	33	90	144	34
chr19	53537286	CG	145	204	33	87	160	33
chr19	53537339	CG	177	283	33	185	334	33
chr19	53537352	CG	181	286	33	202	342	33
chr19	53537368	CG	208	318	33	228	361	33
chr19	53537392	CG	217	334	33	243	366	33
chr19	53537441	CG	211	352	33	197	350	33
chr19	53537445	CG	218	360	33	199	357	33
chr19	53537472	CG	181	332	33	178	345	33
chr19	53537510	CG	161	348	33	160	325	33
chr19	53537520	CG	203	376	33	165	337	33
chr19	53537559	CG	202	439	33	205	399	33
chr19	53537564	CG	207	446	33	211	423	33
chr19	53537570	CG	204	433	33	212	447	33
chr19	53537580	CG	225	436	33	214	440	33
chr19	53537582	CG	218	423	33	217	440	33
chr19	53537606	CG	198	396	33	221	436	33
chr19	53537611	CG	193	383	33	229	453	33
chr19	53537644	CG	179	383	33	230	428	33
chr19	53537647	CG	184	381	33	233	443	33
chr19	53537666	CG	195	412	33	225	445	33
chr19	53537691	CG	179	383	33	213	414	33
chr19	53537694	CG	187	382	33	217	400	33
chr19	53537700	CG	191	379	33	215	370	33
chr19	53537702	CG	195	376	33	213	359	33
chr19	53537728	CG	179	357	33	184	372	33
chr19	53537739	CG	187	370	33	188	379	33
chr19	53537753	CG	199	403	33	177	359	33
chr19	53537759	CG	199	408	33	179	360	33
chr19	53537765	CG	196	410	33	152	339	33
chr19	53537810	CG	252	508	33	144	260	33
chr19	53537816	CG	253	508	33	159	288	33
chr19	53537830	CG	259	516	33	182	321	33
chr19	53537832	CG	256	508	33	184	326	33
chr19	53537852	CG	247	508	33	192	328	33
chr19	53537856	CG	241	505	33	197	342	34
chr19	53537865	CG	244	502	33	191	349	33
chr19	53537889	CG	224	487	33	182	352	33
chr19	53537894	CG	224	480	33	180	349	33
chr19	53537905	CG	236	501	33	194	365	33
chr19	53537909	CG	234	496	33	195	368	33
chr19	53537915	CG	244	513	33	182	359	33
chr19	53537919	CG	235	491	33	183	349	33
chr19	53537937	CG	220	472	33	173	334	33
chr19	53537947	CG	219	472	33	180	350	33
chr19	53537963	CG	192	434	33	169	354	33
chr19	53537973	CG	188	431	33	164	345	33
chr19	53537987	CG	191	451	33	160	345	33
chr19	53537997	CG	207	466	34	155	343	33
chr19	53538002	CG	212	474	33	149	335	33
chr19	53538015	CG	210	474	34	150	315	33
chr19	53538025	CG	228	505	33	144	295	33
chr19	53538049	CG	243	516	33	161	339	33
chr19	53538054	CG	240	521	33	156	341	33
chr19	53538073	CG	242	500	33	155	351	33
chr19	53538075	CG	255	514	33	154	355	33
chr19	53538080	CG	242	510	33	172	375	33
chr19	53538084	CG	239	507	33	164	374	33
chr19	53538093	CG	235	512	33	159	352	33
chr19	53538095	CG	239	514	33	154	356	33
chr19	53538099	CG	231	502	33	148	340	33
chr19	53538105	CG	242	506	33	153	345	33
chr19	53538107	CG	244	498	33	150	339	33
chr19	53538127	CG	233	505	33	167	340	33
chr19	53538133	CG	225	500	33	158	331	33
chr19	53538144	CG	227	474	33	154	315	33
chr19	53538152	CG	227	468	33	162	337	33
chr19	53538162	CG	210	451	33	162	346	33
chr19	53538171	CG	210	427	33	159	342	33
chr19	53538173	CG	202	409	33	158	342	33
chr19	53538176	CG	207	410	33	156	347	33
chr19	53538188	CG	172	398	33	163	363	33
chr19	53538201	CG	182	416	33	174	386	33
chr19	53538209	CG	183	408	33	180	378	33
chr19	53538211	CG	198	415	33	179	387	33
chr19	53538215	CG	201	432	33	181	376	33
chr19	53538227	CG	189	408	33	176	374	33
chr19	53538237	CG	197	423	33	181	375	33
chr19	53538248	CG	211	447	33	191	368	33
chr19	53538250	CG	214	450	33	189	372	33
chr19	53538265	CG	226	456	33	195	361	33
chr19	53538271	CG	221	472	33	186	368	33
chr19	53538282	CG	221	470	33	205	386	33
chr19	53538290	CG	211	442	33	191	377	33
chr19	53538292	CG	217	433	33	193	381	33
chr19	53538309	CG	212	433	33	174	355	33
chr19	53538311	CG	212	425	33	170	356	33
chr19	53538319	CG	217	430	33	170	357	33
chr19	53538329	CG	210	405	33	178	372	33
chr19	53538335	CG	202	407	33	171	359	33
chr19	53538347	CG	202	439	33	168	346	33
chr19	53538353	CG	204	444	33	172	342	33
chr19	53538385	CG	189	420	33	150	326	33
chr19	53538409	CG	164	390	33	138	326	33
chr19	53538437	CG	181	403	33	150	356	33
chr19	53538444	CG	169	393	33	153	351	33
chr19	53538459	CG	186	397	33	157	356	33
chr19	53538462	CG	194	390	33	157	358	33
chr19	53538467	CG	206	414	33	161	350	33
chr19	53538486	CG	212	413	33	163	349	33
chr19	53538495	CG	211	412	33	154	359	33
chr19	53538511	CG	211	414	33	164	366	33
chr19	53538520	CG	216	424	33	155	354	33
chr19	53538524	CG	205	422	33	150	344	33
chr19	53538529	CG	203	423	33	148	334	33
chr19	53538537	CG	200	424	33	149	345	33
chr19	53538546	CG	201	430	33	158	349	33
chr19	53538563	CG	202	456	33	140	306	33
chr19	53538582	CG	207	465	33	147	306	33
chr19	53538593	CG	214	473	33	148	296	33
chr19	53538602	CG	226	483	33	132	289	33
chr19	53538621	CG	253	480	33	171	298	33
chr19	53538693	CG	236	471	33	147	246	33
chr19	53538709	CG	232	414	33	148	253	34
chr19	53538745	CG	205	416	33	135	236	33
chr19	53538769	CG	206	424	33	151	258	33
chr19	53538821	CG	155	320	33	145	264	33
chr19	53538860	CG	258	299	33	254	302	33
chr19	53538884	CG	254	307	33	289	354	33
chr19	53538886	CG	270	308	33	297	359	33
chr19	53538894	CG	212	307	33	231	374	33
chr19	53538900	CG	254	307	33	312	375	33
chr19	53538911	CG	187	297	33	220	343	33
chr19	53538957	CG	114	145	33	109	157	33
chr19	53539009	CG	96	107	33	81	86	33
chr19	53545339	CG	67	67	33	63	70	34
chr19	53545348	CG	76	78	33	72	78	34
chr19	53545401	CG	108	115	34	127	139	34
chr19	53545413	CG	126	127	33	146	159	33
chr19	53545453	CG	165	171	33	183	201	33
chr19	53545495	CG	202	210	33	316	346	33
chr19	53545502	CG	211	223	33	347	369	33
chr19	53545506	CG	220	227	33	357	376	33
chr19	53545533	CG	169	189	33	266	277	33
chr19	53545558	CG	98	117	33	232	252	33
chr19	53545601	CG	78	88	33	175	176	33
chr19	53553664	CG	60	62	33	53	59	33
chr19	53553726	CG	118	135	33	118	149	33
chr19	53553738	CG	117	144	34	139	178	33
chr19	53553755	CG	180	189	34	175	201	33
chr19	53553832	CG	215	327	33	278	423	33
chr19	53553858	CG	183	323	33	223	430	33
chr19	53553896	CG	144	340	33	177	355	33
chr19	53553902	CG	.	.	.	0	380	33
chr19	53553906	CG	182	347	33	190	359	33
chr19	53553954	CG	200	422	33	186	385	33
chr19	53553956	CG	211	415	33	189	385	33
chr19	53553980	CG	184	386	33	185	376	33
chr19	53553992	CG	172	366	33	192	392	33
chr19	53554023	CG	176	354	33	210	398	33
chr19	53554040	CG	187	392	33	204	392	33
chr19	53554071	CG	170	344	33	173	345	33
chr19	53554099	CG	142	305	33	169	368	33
chr19	53554135	CG	188	368	33	178	335	33
chr19	53554161	CG	220	416	33	157	313	33
chr19	53554163	CG	212	404	33	156	309	33
chr19	53554187	CG	220	439	33	180	354	33
chr19	53554190	CG	216	447	33	173	353	33
chr19	53554196	CG	216	464	33	187	360	33
chr19	53554208	CG	203	443	33	170	335	33
chr19	53554242	CG	188	390	33	158	321	33
chr19	53554244	CG	193	411	33	162	320	33
chr19	53554248	CG	196	430	33	149	315	33
chr19	53554250	CG	199	432	33	163	327	33
chr19	53554274	CG	205	426	33	158	328	33
chr19	53554284	CG	217	443	33	161	311	33
chr19	53554286	CG	219	445	34	160	312	33
chr19	53554299	CG	216	453	33	174	324	34
chr19	53554310	CG	202	446	33	174	328	33
chr19	53554318	CG	213	445	33	182	334	33
chr19	53554338	CG	202	452	33	198	363	33
chr19	53554344	CG	204	454	33	184	346	34
chr19	53554361	CG	226	470	33	168	324	33
chr19	53554363	CG	220	462	33	167	335	33
chr19	53554369	CG	232	478	33	176	339	33
chr19	53554378	CG	230	472	33	160	318	33
chr19	53554380	CG	230	478	33	159	319	33
chr19	53554397	CG	246	491	33	185	327	34
chr19	53554417	CG	240	480	33	190	344	33
chr19	53554425	CG	238	482	33	182	348	33
chr19	53554430	CG	236	479	33	180	348	33
chr19	53554449	CG	213	447	33	174	335	33
chr19	53554451	CG	219	444	33	171	339	33
chr19	53554456	CG	221	454	33	169	346	33
chr19	53554460	CG	217	449	33	154	338	33
chr19	53554469	CG	229	454	33	170	340	33
chr19	53554483	CG	224	450	33	181	345	33
chr19	53554489	CG	222	448	33	181	354	33
chr19	53554496	CG	210	437	33	192	351	33
chr19	53554502	CG	245	463	33	193	349	33
chr19	53554504	CG	244	467	33	191	353	33
chr19	53554523	CG	221	452	33	185	340	33
chr19	53554529	CG	217	456	33	191	351	34
chr19	53554540	CG	224	480	33	180	344	33
chr19	53554548	CG	225	474	33	187	350	33
chr19	53554558	CG	208	454	33	174	333	33
chr19	53554567	CG	196	443	33	157	301	33
chr19	53554569	CG	186	427	33	159	310	33
chr19	53554572	CG	193	434	33	162	306	33
chr19	53554585	CG	191	439	33	175	339	33
chr19	53554598	CG	203	425	33	177	346	33
chr19	53554606	CG	218	435	33	169	343	33
chr19	53554612	CG	219	439	33	176	354	33
chr19	53554634	CG	213	434	33	194	399	33
chr19	53554640	CG	213	456	33	189	373	33
chr19	53554645	CG	222	457	33	192	364	33
chr19	53554656	CG	223	446	33	199	368	33
chr19	53554662	CG	222	443	33	204	379	33
chr19	53554668	CG	228	456	33	216	388	33
chr19	53554679	CG	225	449	33	210	379	33
chr19	53554687	CG	233	439	33	208	376	33
chr19	53554689	CG	227	430	33	210	385	33
chr19	53554704	CG	225	410	33	194	373	33
chr19	53554726	CG	227	407	33	164	333	33
chr19	53554732	CG	228	422	33	167	332	33
chr19	53554744	CG	229	412	33	155	317	33
chr19	53554750	CG	232	421	33	153	306	33
chr19	53554778	CG	219	401	33	154	308	33
chr19	53554784	CG	204	396	33	160	323	33
chr19	53554818	CG	207	400	33	169	321	33
chr19	53554831	CG	223	414	33	184	326	33
chr19	53554834	CG	225	432	33	181	331	33
chr19	53554841	CG	225	425	33	179	330	33
chr19	53554856	CG	233	424	33	160	304	33
chr19	53554864	CG	229	417	33	170	303	33
chr19	53554870	CG	228	417	33	154	291	33
chr19	53554892	CG	257	422	33	175	289	33
chr19	53554914	CG	280	444	33	186	282	33
chr19	53554917	CG	261	462	33	174	287	33
chr19	53554926	CG	274	477	33	169	286	33
chr19	53554934	CG	269	490	33	170	276	33
chr19	53554943	CG	268	496	33	159	268	33
chr19	53554972	CG	320	532	33	186	277	33
chr19	53554978	CG	285	543	33	170	272	33
chr19	53554984	CG	284	527	33	161	256	33
chr19	53554990	CG	282	537	33	153	255	33
chr19	53554999	CG	291	538	33	154	257	33
chr19	53555018	CG	371	547	33	179	244	33
chr19	53555094	CG	442	526	33	186	221	33
chr19	53555110	CG	359	400	33	133	155	33
chr19	53555146	CG	113	155	33	109	147	33
chr19	53555170	CG	121	138	33	90	98	33
chr19	53555186	CG	142	158	33	66	71	33
chr19	53555246	CG	282	300	33	63	67	33
chr19	53555262	CG	228	235	33	58	63	33
chr19	53555298	CG	98	102	33	84	85	34
chr19	53555322	CG	95	102	34	52	55	33
chr19	53555338	CG	125	129	33	60	64	33
chr19	53555398	CG	192	198	33	76	80	34
chr19	53555414	CG	178	181	34	112	124	33
chr19	53555450	CG	140	156	33	212	229	33
chr19	53555489	CG	171	174	33	269	280	33
chr19	53555513	CG	175	177	33	326	328	33
chr19	53555515	CG	170	175	33	322	331	33
chr19	53555523	CG	138	153	33	290	311	33
chr19	53555586	CG	105	111	33	140	141	33
chr19	53555620	CG	60	74	33	96	96	33
chr19	53555638	CG	44	50	34	59	59	34
chr19	56837026	CG	39	77	33	26	49	33
chr19	56837125	CG	62	172	33	54	155	34
chr19	56837161	CG	96	292	33	67	211	33
chr19	56837195	CG	69	311	33	67	302	33
chr19	56837320	CG	76	160	33	174	383	33
chr19	56837352	CG	64	164	33	114	363	33
chr19	56837477	CG	39	133	33	82	361	33
chr19	56837540	CG	95	264	33	124	398	33
chr19	56837544	CG	105	284	33	144	407	33
chr19	56837551	CG	95	291	33	120	410	33
chr19	56837567	CG	52	332	33	58	394	33
chr19	56837588	CG	112	335	33	117	384	33
chr19	56837608	CG	100	328	33	129	385	33
chr19	56837623	CG	140	348	33	135	401	33
chr19	56837645	CG	179	381	33	197	417	33
chr19	56837658	CG	152	391	33	187	427	33
chr19	56837660	CG	170	387	33	199	434	33
chr19	56837702	CG	154	338	33	157	425	33
chr19	56837731	CG	170	372	33	171	424	33
chr19	56837739	CG	168	377	33	193	431	33
chr19	56837802	CG	167	339	33	185	467	33
chr19	56837808	CG	161	329	33	195	465	33
chr19	56837830	CG	167	330	33	197	447	33
chr19	56837836	CG	163	331	33	183	432	33
chr19	56837847	CG	172	328	33	176	410	33
chr19	56837864	CG	172	326	33	199	456	33
chr19	56837873	CG	174	325	33	217	457	33
chr19	56837888	CG	182	329	33	216	478	33
chr19	56837916	CG	146	303	33	189	453	33
chr19	56837927	CG	125	275	33	163	429	33
chr19	56837942	CG	113	269	33	159	440	33
chr19	56838020	CG	88	261	33	151	452	33
chr19	56838072	CG	95	314	33	132	433	33
chr19	56838118	CG	126	347	33	144	427	33
chr19	56838135	CG	114	336	33	157	407	33
chr19	56838160	CG	112	341	33	141	409	33
chr19	56838216	CG	109	313	33	164	429	33
chr19	56838260	CG	125	333	33	184	436	33
chr19	56838299	CG	137	340	33	162	349	33
chr19	56838311	CG	132	335	33	150	348	33
chr19	56838335	CG	116	289	33	157	372	33
chr19	56838341	CG	117	275	33	179	395	33
chr19	56838353	CG	101	298	33	149	385	33
chr19	56838357	CG	109	294	33	169	387	33
chr19	56838386	CG	133	349	33	165	400	33
chr19	56838394	CG	154	391	33	167	393	33
chr19	56838440	CG	183	374	33	182	376	33
chr19	56838447	CG	191	388	33	177	395	33
chr19	56838453	CG	189	375	33	185	405	33
chr19	56838473	CG	176	342	33	205	436	33
chr19	56838484	CG	168	330	33	205	478	33
chr19	56838497	CG	169	318	33	214	467	33
chr19	56838502	CG	142	305	33	197	466	33
chr19	56838521	CG	150	300	33	151	392	33
chr19	56838548	CG	150	300	33	152	337	33
chr19	56838612	CG	142	308	33	201	381	33
chr19	56838630	CG	158	305	33	225	421	33
chr19	56838634	CG	164	305	33	235	431	33
chr19	56838636	CG	172	309	33	243	431	33
chr19	56838647	CG	175	331	33	231	419	33
chr19	56838677	CG	178	322	33	221	437	33
chr19	56838679	CG	180	331	33	216	433	33
chr19	56838683	CG	185	343	33	218	442	33
chr19	56838706	CG	176	348	33	211	458	33
chr19	56838713	CG	176	337	33	213	451	33
chr19	56838728	CG	181	327	33	227	455	33
chr19	56838765	CG	167	296	34	225	480	33
chr19	56838790	CG	160	297	33	254	522	33
chr19	56838792	CG	163	291	33	255	519	33
chr19	56838816	CG	164	297	33	239	499	33
chr19	56838840	CG	169	332	33	249	487	33
chr19	56838848	CG	171	315	33	201	432	33
chr19	56838880	CG	166	306	33	225	436	33
chr19	56838888	CG	160	306	33	221	430	33
chr19	56838894	CG	154	300	33	217	424	33
chr19	56838899	CG	142	290	33	204	417	33
chr19	56838924	CG	167	344	33	197	421	33
chr19	56838940	CG	170	355	33	213	423	33
chr19	56838945	CG	187	371	33	202	439	33
chr19	56838980	CG	183	344	33	206	432	33
chr19	56838983	CG	184	337	33	205	431	33
chr19	56838992	CG	164	315	33	208	424	33
chr19	56839004	CG	165	326	33	212	434	33
chr19	56839011	CG	158	317	33	195	415	33
chr19	56839017	CG	162	328	33	205	401	33
chr19	56839019	CG	162	331	33	203	410	33
chr19	56839051	CG	156	331	33	198	417	33
chr19	56839059	CG	158	331	33	201	428	33
chr19	56839063	CG	157	334	33	208	436	33
chr19	56839075	CG	167	338	33	204	425	33
chr19	56839095	CG	168	342	33	190	399	33
chr19	56839101	CG	172	330	33	188	381	33
chr19	56839135	CG	121	242	33	136	371	33
chr19	56839202	CG	117	211	33	197	458	33
chr19	56839239	CG	130	192	33	212	481	33
chr19	56839285	CG	147	260	33	196	434	33
chr19	56839301	CG	154	272	33	197	450	33
chr19	56839340	CG	135	264	33	215	494	33
chr19	56839411	CG	121	237	33	206	462	33
chr19	56839419	CG	132	250	33	219	473	33
chr19	56839439	CG	135	266	33	232	495	33
chr19	56839478	CG	127	291	33	225	486	33
chr19	56839515	CG	129	254	33	218	441	33
chr19	56839549	CG	152	296	33	202	400	33
chr19	56839557	CG	167	319	33	209	399	33
chr19	56839561	CG	170	325	33	198	405	33
chr19	56839604	CG	181	335	33	203	408	33
chr19	56839616	CG	165	306	33	188	409	33
chr19	56839635	CG	135	275	33	166	367	33
chr19	56839643	CG	126	259	33	160	376	33
chr19	56839742	CG	123	244	33	234	493	33
chr19	56839773	CG	109	223	33	220	448	33
chr19	56839779	CG	138	249	33	215	433	33
chr19	56839781	CG	138	257	33	211	438	33
chr19	56839839	CG	136	260	33	187	425	33
chr19	56839845	CG	138	257	33	185	399	33
chr19	56839879	CG	140	270	33	197	410	33
chr19	56839891	CG	144	283	33	223	454	33
chr19	56839916	CG	145	294	33	209	415	33
chr19	56839932	CG	127	291	33	205	425	33
chr19	56839950	CG	129	278	33	200	414	33
chr19	56839954	CG	125	269	33	182	398	33
chr19	56839962	CG	142	283	33	182	408	33
chr19	56839998	CG	150	317	33	201	423	33
chr19	56840018	CG	157	313	33	207	425	33
chr19	56840032	CG	136	307	33	200	431	33
chr19	56840049	CG	144	313	33	192	436	33
chr19	56840055	CG	139	320	33	185	408	33
chr19	56840058	CG	148	322	33	186	399	33
chr19	56840061	CG	145	314	33	189	392	33
chr19	56840064	CG	144	320	33	180	387	33
chr19	56840066	CG	148	324	33	180	388	33
chr19	56840072	CG	163	339	33	191	386	33
chr19	56840083	CG	160	368	33	196	395	33
chr19	56840101	CG	162	390	33	203	376	33
chr19	56840139	CG	156	353	34	193	391	33
chr19	56840146	CG	157	352	33	186	383	33
chr19	56840153	CG	149	347	33	190	391	33
chr19	56840156	CG	171	375	33	182	391	33
chr19	56840182	CG	189	424	33	183	391	33
chr19	56840200	CG	191	417	33	194	405	33
chr19	56840214	CG	212	429	33	204	372	33
chr19	56840236	CG	218	439	33	191	379	33
chr19	56840246	CG	242	441	33	199	394	33
chr19	56840256	CG	231	442	33	197	395	33
chr19	56840272	CG	228	439	33	204	420	33
chr19	56840274	CG	233	445	33	212	436	33
chr19	56840303	CG	216	419	33	228	468	33
chr19	56840318	CG	215	413	33	243	480	33
chr19	56840327	CG	202	412	33	249	486	33
chr19	56840337	CG	188	379	33	241	478	33
chr19	56840344	CG	182	377	33	236	444	33
chr19	56840389	CG	170	353	33	246	470	33
chr19	56840407	CG	159	337	33	241	462	33
chr19	56840419	CG	185	367	33	247	472	33
chr19	56840423	CG	182	367	33	243	470	33
chr19	56840440	CG	190	373	33	228	433	33
chr19	56840448	CG	185	370	33	206	406	33
chr19	56840465	CG	173	335	33	192	399	33
chr19	56840476	CG	169	333	33	188	374	33
chr19	56840478	CG	169	334	33	189	376	33
chr19	56840494	CG	188	351	33	180	368	33
chr19	56840502	CG	190	347	33	203	398	33
chr19	56840522	CG	197	363	33	213	415	33
chr19	56840525	CG	200	376	33	218	406	33
chr19	56840527	CG	202	369	33	217	414	33
chr19	56840541	CG	168	360	33	198	411	33
chr19	56840543	CG	174	360	33	199	417	33
chr19	56840554	CG	184	373	33	207	428	33
chr19	56840556	CG	166	369	33	198	430	33
chr19	56840558	CG	168	369	34	190	423	33
chr19	56840563	CG	177	368	33	193	424	33
chr19	56840567	CG	176	370	33	192	432	33
chr19	56840573	CG	190	383	33	184	411	33
chr19	56840597	CG	210	395	33	228	440	33
chr19	56840605	CG	205	393	33	207	449	33
chr19	56840611	CG	210	385	33	210	454	33
chr19	56840619	CG	217	398	33	217	458	33
chr19	56840626	CG	220	416	33	225	450	33
chr19	56840639	CG	205	397	33	202	431	33
chr19	56840643	CG	211	398	33	217	430	33
chr19	56840646	CG	207	390	33	219	448	33
chr19	56840650	CG	217	393	33	227	458	33
chr19	56840653	CG	206	395	33	229	463	33
chr19	56840656	CG	207	387	33	223	462	33
chr19	56840683	CG	171	351	33	218	441	33
chr19	56840685	CG	170	350	33	214	428	33
chr19	56840706	CG	165	335	33	201	424	33
chr19	56840729	CG	175	350	33	180	382	33
chr19	56840741	CG	186	360	33	206	399	33
chr19	56840744	CG	194	376	33	212	389	33
chr19	56840766	CG	193	407	33	239	441	33
chr19	56840774	CG	200	401	33	241	448	33
chr19	56840808	CG	165	355	33	215	419	33
chr19	56840817	CG	154	336	33	188	398	33
chr19	56840843	CG	140	299	33	176	369	33
chr19	56840859	CG	142	298	33	193	365	33
chr19	56840882	CG	119	280	33	182	359	33
chr19	56840884	CG	133	284	33	191	359	33
chr19	56840901	CG	140	310	33	191	345	33
chr19	56840915	CG	139	325	33	171	337	33
chr19	56840994	CG	98	197	33	112	268	33
chr19	56841035	CG	112	223	33	146	278	33
chr19	56841097	CG	116	208	33	154	295	33
chr19	56841117	CG	117	232	33	153	302	33
chr19	56841151	CG	135	219	33	166	281	33
chr19	56841174	CG	118	220	33	119	271	33
chr19	56841216	CG	110	239	33	112	244	33
chr19	56841273	CG	153	266	33	164	301	33
chr19	56841289	CG	143	267	33	150	312	33
chr19	56841297	CG	143	270	33	162	330	33
chr19	56841304	CG	160	279	33	172	332	33
chr19	56841318	CG	139	277	33	140	309	34
chr19	56841355	CG	139	270	33	131	253	33
chr19	56841361	CG	125	269	33	111	257	33
chr19	56841365	CG	133	256	33	122	260	33
chr19	56841378	CG	122	245	33	133	271	33
chr19	56841417	CG	88	189	33	136	266	33
chr19	56841439	CG	113	191	33	142	221	33
chr19	56841580	CG	118	218	33	28	55	34
chr19	56841760	CG	125	167	33	160	218	33
chr19	56841902	CG	63	75	34	117	127	33
chr20	31546788	CG	76	79	33	72	79	33
chr20	31546790	CG	84	84	33	71	82	33
chr20	31546860	CG	85	117	34	94	136	33
chr20	31546878	CG	152	166	33	137	181	33
chr20	31546901	CG	156	186	33	176	238	33
chr20	31546917	CG	166	216	33	202	277	33
chr20	31547005	CG	132	230	33	211	325	33
chr20	31547027	CG	110	212	33	159	322	33
chr20	31547126	CG	143	307	33	144	270	33
chr20	31547133	CG	152	312	33	134	270	33
chr20	31547139	CG	145	309	33	134	269	33
chr20	31547170	CG	144	299	33	133	285	33
chr20	31547191	CG	147	294	33	147	278	33
chr20	31547209	CG	139	284	33	151	283	33
chr20	31547246	CG	135	301	33	157	296	33
chr20	31547274	CG	126	313	33	160	296	33
chr20	31547285	CG	144	329	33	176	306	33
chr20	31547294	CG	155	335	33	175	297	33
chr20	31547300	CG	167	359	33	173	293	33
chr20	31547305	CG	160	351	33	169	293	33
chr20	31547310	CG	165	363	33	168	290	33
chr20	31547321	CG	171	370	33	159	291	33
chr20	31547341	CG	161	358	33	142	283	33
chr20	31547346	CG	170	371	33	141	291	33
chr20	31547353	CG	189	396	33	151	302	33
chr20	31547355	CG	188	391	33	147	309	33
chr20	31547374	CG	172	385	33	131	289	33
chr20	31547381	CG	178	382	33	141	289	33
chr20	31547387	CG	190	390	33	161	314	33
chr20	31547397	CG	169	388	34	165	342	33
chr20	31547409	CG	172	348	33	179	353	33
chr20	31547411	CG	165	337	33	178	353	33
chr20	31547416	CG	155	324	33	172	353	33
chr20	31547420	CG	159	331	33	170	355	33
chr20	31547422	CG	153	326	33	166	343	33
chr20	31547425	CG	162	329	33	168	354	33
chr20	31547449	CG	157	299	33	184	383	33
chr20	31547466	CG	172	323	33	191	376	34
chr20	31547484	CG	176	348	33	180	345	33
chr20	31547488	CG	169	342	33	174	342	33
chr20	31547559	CG	125	262	33	127	253	33
chr20	31547663	CG	125	260	33	155	284	33
chr20	31547671	CG	117	264	33	159	289	33
chr20	31547692	CG	137	284	33	138	268	33
chr20	31547827	CG	128	249	33	109	201	33
chr20	31547892	CG	134	274	33	95	183	33
chr20	31547910	CG	143	279	33	95	173	33
chr20	31548099	CG	143	250	33	8	19	34
chr20	31548129	CG	97	190	33	5	8	34
chr20	37520202	CG	105	152	33	161	243	33
chr20	37520213	CG	99	152	33	190	281	33
chr20	37520218	CG	115	170	34	207	289	33
chr20	37520220	CG	125	177	34	204	312	33
chr20	37520240	CG	163	248	33	275	385	33
chr20	37520247	CG	176	252	33	263	391	33
chr20	37520256	CG	184	277	33	287	427	33
chr20	37520260	CG	187	292	33	288	426	33
chr20	37520268	CG	214	321	33	277	410	33
chr20	37520270	CG	210	326	33	272	405	33
chr20	37520277	CG	225	345	33	266	411	33
chr20	37520297	CG	221	333	33	248	381	33
chr20	37520313	CG	220	344	33	232	340	33
chr20	37520328	CG	193	342	33	243	372	33
chr20	37520336	CG	205	344	33	255	381	33
chr20	37520353	CG	220	353	33	243	374	33
chr20	37520359	CG	222	344	33	243	378	33
chr20	37520365	CG	215	335	33	251	381	33
chr20	37520373	CG	205	336	33	244	377	33
chr20	37520377	CG	199	333	33	235	360	33
chr20	37520389	CG	221	343	33	221	353	33
chr20	37520396	CG	211	328	33	221	345	33
chr20	37520401	CG	210	328	33	222	352	33
chr20	37520430	CG	217	341	33	247	385	33
chr20	37520458	CG	198	284	33	213	346	33
chr20	37520472	CG	173	295	33	224	359	33
chr20	37520477	CG	163	293	33	209	354	33
chr20	37520526	CG	172	267	33	228	357	33
chr20	37520544	CG	163	255	33	224	365	33
chr20	37520552	CG	172	255	33	217	350	33
chr20	37520559	CG	161	236	33	215	335	33
chr20	37520592	CG	173	255	33	220	346	33
chr20	37520611	CG	183	262	33	240	362	33
chr20	37520620	CG	192	276	33	269	394	33
chr20	37520651	CG	170	271	33	245	393	33
chr20	37520661	CG	165	268	33	251	381	33
chr20	37520679	CG	159	256	33	233	349	33
chr20	37520685	CG	163	254	33	219	322	33
chr20	37520710	CG	121	227	33	213	346	33
chr20	37520717	CG	195	291	33	244	362	33
chr20	37520719	CG	193	287	33	235	354	33
chr20	37520783	CG	183	269	33	157	248	33
chr20	37520786	CG	182	280	33	153	259	33
chr20	37520792	CG	178	290	33	163	270	33
chr20	37520829	CG	183	322	33	188	311	33
chr20	37520869	CG	176	303	33	180	294	33
chr20	37520910	CG	182	309	33	176	281	33
chr20	37520955	CG	204	336	33	167	295	33
chr20	37520986	CG	195	308	33	203	353	33
chr20	37521008	CG	156	298	33	192	342	33
chr20	37521050	CG	141	275	33	171	291	33
chr20	37521053	CG	204	287	33	206	295	33
chr20	37521093	CG	230	355	33	208	345	33
chr20	37521100	CG	217	423	33	189	336	33
chr20	37521142	CG	132	233	33	135	225	33
chr20	37521153	CG	133	256	33	91	153	33
chr20	37521191	CG	173	307	33	114	206	33
chr20	37521193	CG	168	306	33	116	213	33
chr20	37521199	CG	167	313	33	81	183	33
chr20	37521212	CG	190	324	33	178	288	33
chr20	37521216	CG	183	330	33	177	310	33
chr20	37521229	CG	192	362	33	207	342	33
chr20	37521231	CG	188	357	33	198	352	33
chr20	37521238	CG	179	364	33	185	346	33
chr20	37521240	CG	187	368	33	191	358	33
chr20	37521246	CG	208	395	33	203	370	33
chr20	37521254	CG	209	399	33	202	373	33
chr20	37521264	CG	197	378	33	196	365	33
chr20	37521271	CG	203	382	33	191	374	33
chr20	37521280	CG	190	361	33	180	365	33
chr20	37521287	CG	175	350	33	193	335	33
chr20	37521304	CG	153	340	33	166	355	33
chr20	37521336	CG	194	374	33	181	375	33
chr20	37521345	CG	201	393	33	188	363	33
chr20	37521348	CG	208	396	33	190	363	33
chr20	37521354	CG	183	389	33	175	370	33
chr20	37521373	CG	182	392	33	165	340	33
chr20	37521389	CG	189	380	33	172	338	33
chr20	37521391	CG	173	373	33	153	335	33
chr20	37521414	CG	200	384	33	182	350	33
chr20	37521422	CG	196	381	33	185	357	34
chr20	37521445	CG	200	406	33	219	410	33
chr20	37521447	CG	210	411	33	227	417	33
chr20	37521460	CG	194	399	33	217	435	33
chr20	37521470	CG	202	410	33	212	423	33
chr20	37521473	CG	189	394	33	212	420	33
chr20	37521475	CG	190	386	33	214	426	33
chr20	37521482	CG	198	386	33	225	438	33
chr20	37521489	CG	177	379	33	206	426	33
chr20	37521495	CG	192	386	33	210	421	33
chr20	37521505	CG	182	370	33	207	442	33
chr20	37521512	CG	183	377	33	219	455	33
chr20	37521514	CG	199	385	33	215	456	33
chr20	37521536	CG	186	379	33	206	457	33
chr20	37521542	CG	179	377	33	216	475	33
chr20	37521548	CG	178	364	33	223	473	33
chr20	37521550	CG	187	370	33	217	471	33
chr20	37521552	CG	192	364	33	213	462	33
chr20	37521572	CG	153	326	33	197	414	33
chr20	37521575	CG	151	327	33	190	391	33
chr20	37521584	CG	146	325	33	186	417	33
chr20	37521586	CG	157	332	33	182	413	33
chr20	37521604	CG	165	331	33	182	414	33
chr20	37521608	CG	172	347	33	180	413	33
chr20	37521610	CG	180	337	33	176	403	33
chr20	37521632	CG	183	368	33	190	389	33
chr20	37521637	CG	184	349	33	182	371	33
chr20	37521639	CG	184	353	33	181	369	33
chr20	37521642	CG	196	369	33	187	373	33
chr20	37521646	CG	192	365	33	186	384	33
chr20	37521650	CG	183	356	33	195	379	33
chr20	37521655	CG	191	361	33	197	390	33
chr20	37521659	CG	195	365	33	188	377	33
chr20	37521678	CG	185	354	33	180	362	33
chr20	37521685	CG	193	350	33	178	346	33
chr20	37521687	CG	196	345	33	178	359	33
chr20	37521701	CG	185	330	33	174	339	33
chr20	37521710	CG	172	317	33	159	312	33
chr20	37521716	CG	161	297	33	132	277	33
chr20	37521733	CG	163	269	33	114	231	33
chr20	37521766	CG	138	252	33	123	226	33
chr20	37521799	CG	157	297	33	145	222	33
chr20	37521806	CG	161	301	33	134	202	33
chr20	37521836	CG	142	282	33	108	177	33
chr20	37521842	CG	137	274	33	90	163	33
chr20	37521903	CG	111	200	33	94	158	33
chr20	37521926	CG	87	169	33	116	196	33
chr20	37521965	CG	128	229	33	133	206	33
chr20	37521967	CG	144	234	33	140	205	33
chr20	37521988	CG	135	245	33	105	175	33
chr20	37522031	CG	122	227	33	96	141	33
chr20	37522065	CG	178	247	33	127	157	33
chr20	37522080	CG	152	237	33	101	129	33
chr20	37522090	CG	130	211	33	91	109	33
chr20	37522125	CG	77	149	33	29	43	32
chr20	43513725	CG	72	150	33	109	211	33
chr20	43513777	CG	124	238	33	179	342	33
chr20	43513811	CG	178	337	33	184	375	33
chr20	43513844	CG	199	343	33	229	391	33
chr20	43513854	CG	186	352	33	209	367	33
chr20	43513894	CG	176	376	33	193	382	33
chr20	43513919	CG	187	386	33	187	406	33
chr20	43513932	CG	181	383	33	194	412	33
chr20	43513938	CG	183	382	33	187	409	33
chr20	43513956	CG	176	367	33	181	393	33
chr20	43513964	CG	163	354	33	179	411	33
chr20	43513974	CG	167	377	33	192	424	33
chr20	43513977	CG	171	381	33	187	431	33
chr20	43513982	CG	173	385	33	190	424	33
chr20	43514008	CG	186	406	33	179	419	33
chr20	43514031	CG	170	386	33	201	398	33
chr20	43514033	CG	174	400	33	198	408	33
chr20	43514039	CG	168	409	33	187	394	33
chr20	43514052	CG	163	401	33	213	399	33
chr20	43514059	CG	176	412	33	210	395	33
chr20	43514091	CG	189	444	33	203	409	33
chr20	43514098	CG	199	426	33	191	378	33
chr20	43514111	CG	199	428	33	190	402	33
chr20	43514126	CG	189	409	33	163	369	33
chr20	43514144	CG	198	407	33	166	342	33
chr20	43514207	CG	216	460	33	143	287	33
chr20	43514212	CG	219	455	33	144	294	33
chr20	43514257	CG	243	500	33	136	278	33
chr20	43514307	CG	225	477	33	124	248	33
chr20	43514355	CG	220	525	33	121	259	33
chr20	43514375	CG	216	547	33	109	254	33
chr20	43514405	CG	221	494	33	132	314	33
chr20	43514440	CG	228	505	33	116	260	33
chr20	43514456	CG	254	532	33	123	278	33
chr20	43514508	CG	234	448	33	164	291	33
chr20	43514534	CG	206	398	33	167	293	33
chr20	43514551	CG	195	393	33	153	303	33
chr20	43514571	CG	194	387	33	168	326	33
chr20	43514577	CG	180	375	33	164	345	33
chr20	43514595	CG	184	390	33	174	352	33
chr20	43514599	CG	182	381	33	170	350	33
chr20	43514606	CG	163	369	33	182	363	33
chr20	43514625	CG	168	357	33	187	353	33
chr20	43514627	CG	168	363	33	187	355	33
chr20	43514638	CG	173	386	33	179	334	33
chr20	43514646	CG	166	374	33	191	339	33
chr20	43514657	CG	164	383	33	194	341	33
chr20	43514669	CG	171	396	33	185	339	33
chr20	43514687	CG	175	418	33	175	346	33
chr20	43514694	CG	189	418	33	186	362	33
chr20	43514701	CG	202	416	33	187	371	33
chr20	43514712	CG	192	394	33	182	384	33
chr20	43514718	CG	190	400	33	183	386	33
chr20	43514724	CG	183	392	33	176	380	33
chr20	43514733	CG	176	376	33	182	393	33
chr20	43514741	CG	172	379	33	181	393	33
chr20	43514744	CG	172	378	33	186	398	33
chr20	43514754	CG	175	397	33	192	407	33
chr20	43514759	CG	180	402	33	191	411	33
chr20	43514774	CG	197	413	33	189	391	33
chr20	43514787	CG	193	398	33	192	378	33
chr20	43514817	CG	197	401	33	172	360	33
chr20	43514826	CG	179	389	33	166	352	33
chr20	43514849	CG	153	328	33	170	373	33
chr20	43514855	CG	148	308	33	172	381	33
chr20	43514862	CG	157	328	33	180	408	33
chr20	43514902	CG	207	440	33	169	337	33
chr20	43514907	CG	223	443	33	159	332	33
chr20	43514918	CG	214	445	33	153	320	33
chr20	43514923	CG	211	448	33	158	312	33
chr20	43514944	CG	213	437	33	176	349	33
chr20	43514950	CG	224	436	33	172	341	33
chr20	43514969	CG	230	443	33	184	375	33
chr20	43515004	CG	199	414	33	161	317	33
chr20	43515084	CG	189	347	33	180	428	33
chr20	43515088	CG	183	347	33	172	425	33
chr20	43515103	CG	177	354	33	162	401	33
chr20	43515105	CG	172	347	33	157	394	33
chr20	43515158	CG	141	296	33	158	350	33
chr20	43515175	CG	146	301	33	154	332	33
chr20	43515256	CG	166	300	33	237	405	33
chr20	43515328	CG	146	241	33	231	386	33
chr20	43515365	CG	123	196	33	108	192	33
chr20	43515399	CG	87	149	33	66	141	33
chr20	58838984	CG	111	197	33	108	198	33
chr20	58839004	CG	144	246	34	124	197	33
chr20	58839036	CG	201	273	33	186	267	33
chr20	58839107	CG	106	223	33	175	387	33
chr20	58839162	CG	163	288	33	161	305	33
chr20	58839219	CG	135	237	33	175	310	33
chr20	58839296	CG	155	214	33	165	261	33
chr20	58839352	CG	137	233	33	134	259	33
chr20	58839466	CG	193	351	33	154	360	33
chr20	58839474	CG	200	362	33	172	364	33
chr20	58839484	CG	223	387	33	197	374	33
chr20	58839523	CG	187	352	33	227	430	33
chr20	58839541	CG	148	317	33	196	406	33
chr20	58839553	CG	142	310	33	207	407	33
chr20	58839560	CG	147	292	33	202	404	33
chr20	58839565	CG	142	289	33	195	396	33
chr20	58839606	CG	157	308	33	202	429	33
chr20	58839623	CG	157	329	33	219	456	33
chr20	58839634	CG	172	359	33	211	448	33
chr20	58839637	CG	171	352	33	211	442	33
chr20	58839645	CG	165	349	33	219	451	33
chr20	58839652	CG	166	342	33	204	409	33
chr20	58839654	CG	167	335	33	204	413	33
chr20	58839690	CG	180	363	33	196	427	33
chr20	58839701	CG	177	365	33	193	423	34
chr20	58839705	CG	198	372	33	188	416	33
chr20	58839707	CG	209	385	33	188	422	33
chr20	58839715	CG	220	415	33	191	436	33
chr20	58839732	CG	225	422	33	184	436	33
chr20	58839742	CG	209	404	33	184	422	33
chr20	58839780	CG	165	336	33	192	382	33
chr20	58839783	CG	166	327	33	211	400	33
chr20	58839798	CG	161	331	33	215	401	33
chr20	58839812	CG	193	367	33	215	396	33
chr20	58839829	CG	207	377	33	209	410	33
chr20	58839840	CG	187	335	33	205	398	33
chr20	58839905	CG	182	334	33	183	339	33
chr20	58839907	CG	182	332	33	179	332	33
chr20	58839989	CG	178	363	33	185	353	33
chr20	58840025	CG	184	376	33	182	357	33
chr20	58840048	CG	160	368	33	176	355	33
chr20	58840081	CG	150	368	33	194	381	33
chr20	58840089	CG	157	386	33	186	376	33
chr20	58840113	CG	177	387	33	185	385	33
chr20	58840122	CG	172	396	33	194	402	33
chr20	58840137	CG	187	395	33	217	413	33
chr20	58840140	CG	179	389	33	205	411	33
chr20	58840146	CG	183	420	33	201	422	33
chr20	58840160	CG	181	408	33	195	433	33
chr20	58840171	CG	205	421	33	223	455	33
chr20	58840182	CG	201	417	33	221	453	33
chr20	58840185	CG	208	423	33	211	459	33
chr20	58840196	CG	219	438	33	230	483	33
chr20	58840198	CG	213	432	33	216	473	33
chr20	58840223	CG	187	362	33	218	480	33
chr20	58840225	CG	191	357	33	227	491	33
chr20	58840233	CG	212	364	33	239	497	33
chr20	58840235	CG	205	360	33	223	486	33
chr20	58840253	CG	177	329	33	216	506	33
chr20	58840257	CG	184	341	33	219	527	33
chr20	58840269	CG	188	350	33	231	522	33
chr20	58840271	CG	193	349	33	222	519	33
chr20	58840273	CG	194	352	33	231	516	33
chr20	58840287	CG	177	347	33	222	502	33
chr20	58840290	CG	167	352	33	233	515	33
chr20	58840304	CG	165	331	33	249	511	33
chr20	58840314	CG	167	322	33	244	501	33
chr20	58840319	CG	164	316	33	247	479	33
chr20	58840322	CG	153	301	33	245	481	33
chr20	58840346	CG	147	276	33	229	465	33
chr20	58840351	CG	148	270	33	222	442	33
chr20	58840364	CG	141	259	33	200	400	33
chr20	58840370	CG	135	263	33	197	411	33
chr20	58840400	CG	132	262	33	197	409	33
chr20	58840415	CG	134	255	33	202	402	33
chr20	58840427	CG	145	272	33	212	413	33
chr20	58840433	CG	145	268	33	204	402	33
chr20	58840439	CG	151	272	33	211	392	33
chr20	58840445	CG	160	282	33	230	404	33
chr20	58840451	CG	147	290	33	226	407	33
chr20	58840457	CG	159	306	33	226	411	33
chr20	58840463	CG	158	313	34	217	415	33
chr20	58840469	CG	161	317	33	227	420	33
chr20	58840475	CG	158	314	33	217	430	33
chr20	58840481	CG	150	312	33	219	449	33
chr20	58840487	CG	150	314	33	222	452	33
chr20	58840499	CG	156	316	33	217	459	33
chr20	58840517	CG	156	309	33	205	447	33
chr20	58840523	CG	148	307	33	208	448	33
chr20	58840535	CG	163	313	33	213	452	33
chr20	58840539	CG	167	305	33	211	439	33
chr20	58840541	CG	170	305	33	207	438	33
chr20	58840546	CG	174	326	33	206	445	33
chr20	58840571	CG	161	325	33	210	449	33
chr20	58840590	CG	162	320	33	232	471	33
chr20	58840598	CG	166	326	33	237	469	33
chr20	58840611	CG	160	316	33	264	469	33
chr20	58840619	CG	161	321	33	239	464	33
chr20	58840622	CG	172	336	33	235	447	33
chr20	58840635	CG	171	332	33	250	459	33
chr20	58840637	CG	180	343	33	246	455	33
chr20	58840639	CG	182	343	33	236	442	33
chr20	58840642	CG	175	343	33	224	429	33
chr20	58840694	CG	148	319	33	132	322	33
chr20	58840718	CG	137	312	33	148	328	33
chr20	58840726	CG	142	325	33	155	340	33
chr20	58840752	CG	181	350	33	171	366	33
chr20	58840755	CG	177	341	33	177	355	33
chr20	58840758	CG	186	340	33	181	358	33
chr20	58840782	CG	189	335	33	263	454	33
chr20	58840785	CG	186	336	33	248	466	33
chr20	58840790	CG	196	345	33	243	438	33
chr20	58840792	CG	199	343	33	254	462	33
chr20	58840798	CG	184	350	33	257	444	33
chr20	58840833	CG	169	316	33	196	402	33
chr20	58840836	CG	164	320	33	201	399	33
chr20	58840852	CG	150	292	33	183	372	33
chr20	58840855	CG	149	290	33	184	377	33
chr20	58840900	CG	199	379	33	187	324	33
chr20	58840923	CG	227	427	33	171	299	33
chr20	58840937	CG	254	455	33	185	317	33
chr20	58840978	CG	254	451	33	107	277	33
chr20	58841018	CG	204	417	33	162	331	33
chr20	58841035	CG	217	414	33	215	415	33
chr20	58841038	CG	219	417	33	201	430	33
chr20	58841073	CG	205	473	33	201	462	33
chr20	58841100	CG	222	500	33	218	463	33
chr20	58841103	CG	205	494	33	218	459	33
chr20	58841108	CG	231	510	33	243	464	33
chr20	58841112	CG	217	504	33	241	459	33
chr20	58841115	CG	211	504	33	237	459	33
chr20	58841119	CG	229	499	33	238	461	33
chr20	58841124	CG	212	490	33	234	463	33
chr20	58841147	CG	225	425	33	243	429	33
chr20	58841160	CG	200	381	33	226	402	33
chr20	58841166	CG	193	359	33	217	398	33
chr20	58841168	CG	193	351	33	205	391	33
chr20	58841179	CG	184	348	33	213	408	33
chr20	58841183	CG	188	355	33	201	396	33
chr20	58841214	CG	164	319	33	213	395	33
chr20	58841239	CG	140	289	33	211	366	33
chr20	58841241	CG	134	278	33	203	356	33
chr20	58841309	CG	192	335	33	178	342	33
chr20	58841317	CG	198	331	33	190	345	33
chr20	58841319	CG	193	324	33	177	334	33
chr20	58841321	CG	183	313	33	172	317	33
chr20	58841333	CG	165	303	33	167	323	33
chr20	58841348	CG	178	326	33	181	339	33
chr20	58841350	CG	178	317	33	185	341	33
chr20	58841364	CG	188	338	33	182	321	33
chr20	58841376	CG	191	352	33	169	310	33
chr20	58841402	CG	207	383	33	189	354	33
chr20	58841426	CG	187	382	33	180	395	33
chr20	58841440	CG	177	360	33	191	386	33
chr20	58841442	CG	186	365	33	201	388	33
chr20	58841444	CG	195	367	33	188	387	33
chr20	58841446	CG	196	363	33	185	384	33
chr20	58841448	CG	191	365	33	185	385	34
chr20	58841451	CG	191	367	33	180	373	33
chr20	58841470	CG	178	370	33	184	382	33
chr20	58841502	CG	165	369	33	204	424	33
chr20	58841504	CG	168	371	33	207	434	33
chr20	58841513	CG	164	379	33	208	438	33
chr20	58841515	CG	159	371	33	199	441	33
chr20	58841534	CG	161	352	33	206	432	33
chr20	58841538	CG	163	348	33	211	428	33
chr20	58841551	CG	166	362	33	185	409	33
chr20	58841561	CG	195	390	33	194	389	33
chr20	58841568	CG	163	359	33	176	370	33
chr20	58841571	CG	171	349	33	168	365	33
chr20	58841575	CG	165	346	33	171	351	33
chr20	58841577	CG	163	343	33	158	354	33
chr20	58841589	CG	182	367	33	178	362	33
chr20	58841601	CG	187	364	33	172	358	33
chr20	58841605	CG	181	365	33	177	355	33
chr20	58841615	CG	174	373	33	167	336	33
chr20	58841617	CG	174	366	33	151	323	33
chr20	58841619	CG	174	365	33	150	323	33
chr20	58841621	CG	173	362	33	143	321	33
chr20	58841624	CG	168	370	33	150	331	33
chr20	58841640	CG	160	377	33	142	299	33
chr20	58841643	CG	170	377	33	140	288	33
chr20	58841646	CG	165	367	33	131	289	33
chr20	58841650	CG	186	389	33	129	282	33
chr20	58841714	CG	182	359	33	148	329	33
chr20	58841732	CG	205	386	33	162	326	33
chr20	58841748	CG	204	381	33	167	305	33
chr20	58841751	CG	205	387	33	165	310	33
chr20	58841773	CG	213	390	33	170	320	33
chr20	58841783	CG	198	383	33	162	315	33
chr20	58841802	CG	209	387	34	180	343	33
chr20	58841817	CG	178	354	33	171	330	33
chr20	58841833	CG	208	367	33	181	336	33
chr20	58841854	CG	180	382	33	179	348	33
chr20	58841860	CG	190	395	33	189	360	33
chr20	58841863	CG	191	399	34	187	359	33
chr20	58841882	CG	204	414	33	180	360	33
chr20	58841905	CG	192	408	33	171	355	33
chr20	58841912	CG	195	410	33	178	353	33
chr20	58841914	CG	184	400	33	176	349	33
chr20	58841941	CG	162	353	33	143	304	33
chr20	58841954	CG	172	345	33	149	297	33
chr20	58841956	CG	176	347	33	144	302	33
chr20	58841961	CG	185	357	33	153	300	33
chr20	58841963	CG	203	350	33	158	299	33
chr20	58841990	CG	190	405	33	145	293	33
chr20	58841993	CG	194	406	33	139	281	33
chr20	58842007	CG	211	428	33	139	299	33
chr20	58842015	CG	214	428	33	142	298	33
chr20	58842018	CG	209	417	33	121	293	33
chr20	58842036	CG	229	435	33	139	309	33
chr20	58842039	CG	225	446	33	137	328	33
chr20	58842045	CG	223	463	33	134	323	33
chr20	58842067	CG	224	409	33	108	315	33
chr20	58842072	CG	229	391	33	132	325	33
chr20	58842075	CG	220	405	33	135	312	33
chr20	58842082	CG	200	423	33	130	305	33
chr20	58842097	CG	174	384	33	116	284	33
chr20	58842161	CG	157	325	33	128	291	33
chr20	58842178	CG	154	301	33	138	298	33
chr20	58842186	CG	157	306	33	133	281	33
chr20	58842198	CG	159	289	33	145	275	33
chr20	58842209	CG	157	306	33	142	263	33
chr20	58842263	CG	147	279	33	139	205	33
chr20	58842297	CG	126	244	33	131	206	33
chr20	58842311	CG	154	275	33	132	202	33
chr20	58842314	CG	148	284	33	125	200	33
chr20	58842327	CG	162	294	33	126	199	33
chr20	58842337	CG	148	300	33	116	190	33
chr20	58842358	CG	139	265	33	123	193	33
chr20	58842383	CG	136	264	33	135	224	33
chr20	58842463	CG	156	290	33	131	275	33
chr20	58842474	CG	148	282	33	131	271	33
chr20	58842477	CG	148	287	33	138	268	33
chr20	58842479	CG	146	278	33	135	270	33
chr20	58842482	CG	145	269	33	124	262	33
chr20	58842502	CG	141	276	33	127	244	33
chr20	58842512	CG	156	278	33	121	219	33
chr20	58842556	CG	144	305	34	113	220	33
chr20	58842590	CG	174	336	33	127	267	33
chr20	58842625	CG	159	326	33	153	282	33
chr20	58842638	CG	170	328	33	158	278	33
chr20	58842645	CG	201	342	33	170	273	33
chr20	58842667	CG	145	315	33	127	244	33
chr20	58842866	CG	137	262	33	117	221	33
chr20	58842875	CG	123	282	33	101	213	34
chr20	58842960	CG	100	235	33	137	304	33
chr20	58842965	CG	101	222	33	135	307	33
chr20	58843063	CG	137	225	33	145	285	33
chr20	58843122	CG	118	184	33	159	364	33
chr20	58843165	CG	100	169	33	168	361	33
chr20	58843182	CG	100	158	33	120	245	33
chr20	58843200	CG	94	147	33	125	232	33
chr20	58843218	CG	73	141	33	91	196	33
chr20	58843318	CG	114	262	33	97	267	33
chr20	58843373	CG	178	282	33	182	297	33
chr20	58843556	CG	90	161	33	90	165	33
chr20	58850594	CG	93	170	33	120	236	33
chr20	58850669	CG	179	333	33	174	354	33
chr20	58850683	CG	179	347	33	164	364	33
chr20	58850703	CG	204	379	33	224	413	33
chr20	58850751	CG	151	326	33	197	429	33
chr20	58850758	CG	155	317	33	191	423	33
chr20	58850791	CG	155	326	33	170	415	33
chr20	58850794	CG	174	330	33	180	411	33
chr20	58850800	CG	177	348	33	178	398	33
chr20	58850807	CG	164	340	33	171	401	33
chr20	58850827	CG	175	356	33	166	393	33
chr20	58850838	CG	175	363	33	159	343	33
chr20	58850848	CG	170	362	33	163	397	33
chr20	58850878	CG	152	333	33	187	456	33
chr20	58850882	CG	164	335	33	184	452	33
chr20	58850890	CG	147	359	33	154	431	33
chr20	58850892	CG	171	350	33	187	440	33
chr20	58850895	CG	182	368	33	186	434	33
chr20	58850924	CG	172	343	33	140	359	33
chr20	58850931	CG	174	342	33	138	337	33
chr20	58850939	CG	187	362	33	161	350	33
chr20	58850954	CG	184	352	33	175	355	33
chr20	58850999	CG	164	363	33	150	321	33
chr20	58851002	CG	167	356	33	149	312	33
chr20	58851011	CG	176	377	33	140	298	33
chr20	58851076	CG	165	388	33	135	240	33
chr20	58851083	CG	161	365	33	126	227	33
chr20	58851160	CG	186	347	33	161	287	33
chr20	58851185	CG	140	334	33	136	273	33
chr20	58851209	CG	230	380	33	190	256	33
chr20	58851219	CG	199	366	33	155	254	33
chr20	58851226	CG	190	365	33	137	256	33
chr20	58851267	CG	174	387	33	138	299	34
chr20	58851313	CG	212	409	33	161	327	33
chr20	58851319	CG	223	399	33	157	319	33
chr20	58851328	CG	231	405	33	169	338	33
chr20	58851336	CG	225	398	33	177	334	33
chr20	58851340	CG	227	403	33	184	337	33
chr20	58851365	CG	197	393	33	194	395	33
chr20	58851370	CG	214	419	33	186	397	33
chr20	58851374	CG	223	417	33	219	410	33
chr20	58851393	CG	17	374	33	17	209	33
chr20	58851483	CG	162	321	33	193	401	33
chr20	58851490	CG	171	332	33	190	383	33
chr20	58851515	CG	174	321	33	183	352	33
chr20	58851525	CG	184	313	33	193	359	33
chr20	58851534	CG	175	307	33	175	365	33
chr20	58851571	CG	143	296	33	182	382	33
chr20	58851675	CG	154	338	33	167	316	33
chr20	58851688	CG	158	334	33	175	330	33
chr20	58851694	CG	161	347	33	185	337	33
chr20	58851702	CG	177	361	33	179	342	33
chr20	58851704	CG	182	377	33	180	344	33
chr20	58851712	CG	181	387	33	177	349	33
chr20	58851715	CG	183	401	33	177	357	33
chr20	58851727	CG	190	416	33	181	361	33
chr20	58851734	CG	188	418	33	180	354	33
chr20	58851746	CG	196	427	33	180	347	33
chr20	58851780	CG	150	362	33	137	295	33
chr20	58851803	CG	159	386	33	120	278	33
chr20	58851871	CG	162	404	33	158	355	33
chr20	58851876	CG	190	417	33	172	362	33
chr20	58851880	CG	185	410	33	167	365	33
chr20	58851887	CG	189	413	33	175	368	33
chr20	58851895	CG	199	422	33	188	381	33
chr20	58851902	CG	193	406	33	192	376	33
chr20	58851915	CG	197	401	33	199	373	33
chr20	58851922	CG	191	402	33	192	378	33
chr20	58851924	CG	185	397	33	182	373	33
chr20	58851926	CG	195	389	33	193	382	33
chr20	58851955	CG	165	364	33	203	422	33
chr20	58851962	CG	140	359	33	192	456	33
chr20	58851975	CG	141	349	33	216	468	33
chr20	58851991	CG	92	320	33	176	464	33
chr20	58852048	CG	133	295	34	149	356	33
chr20	58852062	CG	141	328	33	155	365	33
chr20	58852084	CG	144	311	33	107	299	33
chr20	58852091	CG	142	309	33	104	255	33
chr20	58852115	CG	61	246	33	99	357	33
chr20	58852118	CG	87	252	33	118	362	33
chr20	58852155	CG	110	253	33	157	389	33
chr20	58852161	CG	106	257	33	134	389	33
chr20	58852182	CG	125	263	33	162	374	33
chr20	58852219	CG	117	306	33	132	331	33
chr20	58852222	CG	104	318	33	108	327	34
chr20	58852237	CG	127	321	33	130	334	33
chr20	58852286	CG	95	324	33	118	360	33
chr20	58852357	CG	84	362	33	101	338	33
chr20	58852371	CG	63	348	33	58	333	33
chr20	58852388	CG	72	299	33	85	348	33
chr20	58852417	CG	62	271	33	67	363	33
chr20	58852428	CG	82	293	33	107	375	33
chr20	58852438	CG	95	312	33	118	356	33
chr20	58852440	CG	61	317	33	70	361	33
chr20	58852448	CG	113	333	33	129	346	33
chr20	58852476	CG	154	366	33	147	348	33
chr20	58852481	CG	123	361	33	110	338	33
chr20	58852501	CG	63	362	33	50	315	33
chr20	58852587	CG	39	321	33	35	298	33
chr20	58852595	CG	40	328	33	30	303	33
chr20	58852637	CG	40	326	33	33	281	33
chr20	58852642	CG	41	318	33	42	289	33
chr20	58852651	CG	56	326	33	74	294	33
chr20	58852658	CG	74	319	33	91	311	33
chr20	58852663	CG	46	317	33	58	313	33
chr20	58852670	CG	74	335	33	87	333	33
chr20	58852675	CG	70	335	33	78	339	33
chr20	58852683	CG	73	334	33	76	345	33
chr20	58852699	CG	68	360	33	68	335	33
chr20	58852707	CG	62	380	33	38	334	33
chr20	58852758	CG	46	377	33	41	389	33
chr20	58852766	CG	63	346	33	61	398	33
chr20	58852775	CG	73	335	33	77	420	33
chr20	58852803	CG	52	360	33	53	486	33
chr20	58852814	CG	67	356	33	61	442	33
chr20	58852837	CG	76	374	33	64	402	33
chr20	58852848	CG	62	362	33	59	381	33
chr20	58852860	CG	61	364	33	53	341	33
chr20	58852863	CG	60	358	33	35	327	33
chr20	58852887	CG	85	350	33	54	298	33
chr20	58852896	CG	63	361	33	41	327	33
chr20	58852903	CG	91	358	33	71	325	33
chr20	58852908	CG	94	371	33	63	324	33
chr20	58852913	CG	91	372	33	78	344	33
chr20	58852918	CG	103	364	33	87	342	33
chr20	58852922	CG	100	379	33	71	335	33
chr20	58852939	CG	96	370	33	66	292	33
chr20	58852977	CG	72	195	33	29	102	33
chr20	58853850	CG	134	170	33	200	278	33
chr20	58853862	CG	153	235	33	180	315	33
chr20	58853970	CG	180	353	33	193	382	33
chr20	58853984	CG	211	391	33	209	413	33
chr20	58853995	CG	217	388	33	234	422	33
chr20	58854003	CG	244	379	33	261	432	33
chr20	58854012	CG	226	387	33	234	436	33
chr20	58854015	CG	231	389	33	231	433	33
chr20	58854030	CG	227	399	33	242	443	33
chr20	58854032	CG	211	389	33	225	449	33
chr20	58854039	CG	216	388	33	227	429	33
chr20	58854041	CG	209	384	33	217	432	33
chr20	58854047	CG	193	388	33	202	429	33
chr20	58854053	CG	223	394	33	223	418	33
chr20	58854058	CG	197	390	33	215	415	33
chr20	58854069	CG	162	368	33	207	417	33
chr20	58854072	CG	165	356	33	201	414	33
chr20	58854074	CG	177	358	33	212	425	33
chr20	58854078	CG	171	354	33	202	420	33
chr20	58854080	CG	171	359	33	215	418	33
chr20	58854102	CG	158	338	33	203	441	33
chr20	58854108	CG	164	350	33	209	442	33
chr20	58854152	CG	171	363	33	205	435	33
chr20	58854180	CG	195	398	33	199	405	33
chr20	58854188	CG	196	399	33	181	370	33
chr20	58854192	CG	192	392	33	177	371	33
chr20	58854204	CG	206	403	33	192	368	33
chr20	58854210	CG	217	420	33	201	380	33
chr20	58854219	CG	204	411	33	195	407	33
chr20	58854222	CG	210	409	33	195	399	33
chr20	58854231	CG	208	413	33	202	404	33
chr20	58854255	CG	192	377	33	202	393	33
chr20	58854257	CG	203	373	33	202	399	33
chr20	58854264	CG	207	385	33	189	378	33
chr20	58854269	CG	204	379	33	188	370	33
chr20	58854285	CG	178	351	33	158	326	33
chr20	58854307	CG	166	339	33	155	289	33
chr20	58854357	CG	212	433	33	158	332	33
chr20	58854366	CG	220	455	33	168	343	33
chr20	58854368	CG	223	459	33	170	369	33
chr20	58854392	CG	200	430	33	201	444	33
chr20	58854399	CG	200	422	33	214	468	33
chr20	58854411	CG	188	394	33	241	488	33
chr20	58854414	CG	189	389	33	242	509	33
chr20	58854428	CG	178	360	33	244	515	33
chr20	58854435	CG	164	341	33	224	481	33
chr20	58854465	CG	172	341	33	203	472	33
chr20	58854477	CG	180	359	33	221	496	33
chr20	58854498	CG	185	371	33	242	501	33
chr20	58854504	CG	185	374	33	239	494	33
chr20	58854519	CG	193	372	33	246	501	33
chr20	58854531	CG	192	374	33	275	533	33
chr20	58854540	CG	189	358	33	268	506	33
chr20	58854546	CG	184	362	33	243	474	33
chr20	58854552	CG	185	371	33	217	426	33
chr20	58854558	CG	193	378	33	200	385	33
chr20	58854573	CG	181	359	33	193	376	33
chr20	58854582	CG	180	368	33	152	322	33
chr20	58854588	CG	177	384	33	132	267	33
chr20	58854594	CG	187	399	33	107	224	33
chr20	58854599	CG	188	391	33	97	198	33
chr20	58854609	CG	195	378	33	118	249	33
chr20	58854618	CG	190	385	33	143	303	33
chr20	58854624	CG	194	388	33	143	307	33
chr20	58854630	CG	207	413	33	142	308	33
chr20	58854635	CG	202	410	33	146	315	33
chr20	58854645	CG	211	398	33	172	368	33
chr20	58854654	CG	205	375	33	208	427	33
chr20	58854666	CG	192	379	33	221	453	33
chr20	58854671	CG	193	392	33	228	471	33
chr20	58854687	CG	196	396	33	250	487	33
chr20	58854690	CG	196	383	33	239	477	33
chr20	58854698	CG	183	388	33	250	487	33
chr20	58854712	CG	181	386	33	253	495	33
chr20	58854726	CG	184	385	33	235	497	33
chr20	58854737	CG	166	349	33	235	473	33
chr20	58854744	CG	179	366	33	237	464	33
chr20	58854768	CG	177	344	33	222	466	33
chr20	58854781	CG	174	352	33	229	458	33
chr20	58854796	CG	182	357	33	221	446	33
chr20	58854799	CG	186	364	33	220	450	33
chr20	58854803	CG	186	354	33	219	470	33
chr20	58854825	CG	193	370	33	207	447	33
chr20	58854835	CG	202	371	33	208	457	33
chr20	58854864	CG	196	380	33	198	443	33
chr20	58854879	CG	189	364	33	217	438	33
chr20	58854884	CG	184	370	33	226	440	33
chr20	58854893	CG	193	371	33	223	429	33
chr20	58854895	CG	193	363	33	218	421	33
chr20	58854904	CG	186	345	33	223	443	33
chr20	58854906	CG	192	350	33	218	435	33
chr20	58854908	CG	194	349	33	211	424	33
chr20	58854919	CG	199	368	33	198	416	33
chr20	58854930	CG	202	387	33	189	410	33
chr20	58854940	CG	209	385	33	180	409	33
chr20	58854942	CG	211	382	33	176	410	33
chr20	58854946	CG	215	397	33	158	386	33
chr20	58854949	CG	218	401	33	166	400	33
chr20	58854951	CG	214	403	33	159	400	33
chr20	58854960	CG	211	408	33	146	358	33
chr20	58854981	CG	196	384	33	142	363	33
chr20	58854984	CG	197	385	33	147	365	33
chr20	58854996	CG	197	390	33	175	386	33
chr20	58855002	CG	194	388	33	171	381	33
chr20	58855008	CG	204	401	33	192	389	33
chr20	58855011	CG	192	392	33	189	386	33
chr20	58855023	CG	194	383	33	199	416	33
chr20	58855033	CG	194	382	33	222	440	33
chr20	58855048	CG	186	395	33	233	450	33
chr20	58855051	CG	195	391	33	235	460	33
chr20	58855057	CG	198	395	33	225	446	33
chr20	58855060	CG	201	380	33	222	447	33
chr20	58855063	CG	194	369	33	222	437	33
chr20	58855066	CG	198	371	33	222	450	33
chr20	58855078	CG	204	362	33	228	423	33
chr20	58855090	CG	215	377	33	232	413	33
chr20	58855101	CG	197	357	33	219	418	33
chr20	58855113	CG	172	329	34	207	397	33
chr20	58855125	CG	187	342	33	191	369	33
chr20	58855129	CG	171	328	33	179	368	33
chr20	58855157	CG	168	323	33	176	349	33
chr20	58855159	CG	184	330	33	170	350	33
chr20	58855190	CG	179	339	33	181	369	33
chr20	58855198	CG	177	337	33	189	365	33
chr20	58855210	CG	199	361	33	191	379	33
chr20	58855231	CG	176	352	33	169	357	33
chr20	58855243	CG	183	363	33	165	335	33
chr20	58855245	CG	188	358	33	156	330	33
chr20	58855258	CG	197	350	33	149	319	33
chr20	58855272	CG	182	343	33	144	330	33
chr20	58855290	CG	192	320	33	170	345	33
chr20	58855313	CG	182	332	33	200	387	33
chr20	58855318	CG	173	328	33	206	390	33
chr20	58855340	CG	172	341	33	229	404	33
chr20	58855343	CG	179	339	33	231	401	33
chr20	58855356	CG	160	332	33	212	381	33
chr20	58855369	CG	153	319	33	203	372	33
chr20	58855372	CG	150	299	33	200	366	33
chr20	58855380	CG	120	285	33	190	371	33
chr20	58855422	CG	3	182	33	4	309	33
chr20	58855452	CG	155	362	33	101	251	33
chr20	58855504	CG	179	380	33	135	302	33
chr20	58855527	CG	187	405	33	131	285	33
chr20	58855535	CG	180	401	33	139	291	33
chr20	58855569	CG	175	375	33	125	282	33
chr20	58855573	CG	191	378	33	152	311	33
chr20	58855586	CG	161	362	33	155	326	33
chr20	58855592	CG	163	352	33	163	319	33
chr20	58855608	CG	182	392	33	173	326	33
chr20	58855618	CG	195	420	33	176	351	33
chr20	58855661	CG	186	405	33	164	354	33
chr20	58855674	CG	184	409	33	162	348	33
chr20	58855682	CG	185	421	33	175	369	33
chr20	58855714	CG	232	458	33	168	374	33
chr20	58855740	CG	235	447	33	176	358	33
chr20	58855742	CG	240	462	33	167	349	33
chr20	58855747	CG	234	459	33	127	301	33
chr20	58855752	CG	239	467	33	170	329	33
chr20	58855761	CG	229	475	33	152	332	33
chr20	58855787	CG	221	449	33	149	306	33
chr20	58855820	CG	185	407	33	152	312	33
chr20	58855835	CG	195	395	33	154	316	33
chr20	58855861	CG	179	384	33	165	334	33
chr20	58855879	CG	188	378	33	165	335	33
chr20	58855882	CG	194	383	33	157	331	33
chr20	58855906	CG	179	391	33	154	305	33
chr20	58855925	CG	187	401	33	156	302	33
chr20	58855935	CG	201	431	33	159	310	33
chr20	58855950	CG	195	412	33	155	318	33
chr20	58855957	CG	210	438	33	172	345	33
chr20	58855978	CG	211	420	33	183	372	33
chr20	58855982	CG	223	435	33	188	373	33
chr20	58855986	CG	231	451	33	198	390	33
chr20	58855993	CG	219	424	33	205	387	33
chr20	58856000	CG	226	423	33	200	361	33
chr20	58856005	CG	242	439	33	198	356	33
chr20	58856014	CG	249	453	33	180	337	33
chr20	58856016	CG	247	439	33	178	334	33
chr20	58856028	CG	237	420	33	182	329	33
chr20	58856038	CG	235	429	33	174	329	33
chr20	58856049	CG	230	428	33	184	339	33
chr20	58856071	CG	191	381	33	195	397	33
chr20	58856079	CG	221	443	33	193	402	33
chr20	58856086	CG	232	468	33	207	420	33
chr20	58856089	CG	239	476	33	204	407	33
chr20	58856096	CG	213	446	33	218	432	33
chr20	58856098	CG	242	449	33	209	416	33
chr20	58856140	CG	79	197	33	238	420	33
chr20	58856147	CG	98	185	33	232	417	33
chr20	58856166	CG	123	243	33	198	383	33
chr20	58856170	CG	140	259	33	199	372	33
chr20	58856183	CG	124	263	33	192	362	33
chr20	58856224	CG	122	251	33	184	359	33
chr20	58856228	CG	130	263	33	173	357	33
chr20	58856248	CG	133	277	33	178	355	33
chr20	58856271	CG	132	295	33	144	297	33
chr20	58856279	CG	146	303	33	116	269	33
chr20	58856324	CG	106	282	33	93	329	33
chr20	58856365	CG	138	236	33	158	301	33
chr20	58856407	CG	52	87	34	55	108	34
chr20	58856416	CG	47	86	34	46	96	33
chr20	58888210	CG	128	162	34	144	191	33
chr20	58888215	CG	123	175	33	136	210	33
chr20	58888248	CG	176	233	33	172	259	33
chr20	58888270	CG	234	295	33	223	301	33
chr20	58888275	CG	203	294	33	200	302	33
chr20	58888300	CG	229	320	33	234	339	33
chr20	58888302	CG	250	322	33	238	343	33
chr20	58888342	CG	172	315	33	180	347	33
chr20	58888400	CG	180	330	33	177	305	33
chr20	58888448	CG	152	331	33	146	290	33
chr20	58888472	CG	158	333	33	173	343	33
chr20	58888475	CG	163	336	33	173	358	33
chr20	58888517	CG	136	297	33	173	395	33
chr20	58888522	CG	136	282	33	186	415	33
chr20	58888560	CG	123	275	33	191	428	33
chr20	58888574	CG	139	294	33	216	459	33
chr20	58888598	CG	132	284	33	215	485	33
chr20	58888603	CG	123	271	33	215	477	33
chr20	58888610	CG	127	264	33	219	485	33
chr20	58888624	CG	133	265	33	199	454	33
chr20	58888631	CG	124	260	33	190	431	33
chr20	58888638	CG	127	263	33	170	418	33
chr20	58888645	CG	129	267	33	177	411	33
chr20	58888653	CG	117	250	33	188	416	33
chr20	58888656	CG	128	254	33	178	402	33
chr20	58888658	CG	133	260	33	176	401	33
chr20	58888670	CG	122	265	33	168	393	33
chr20	58888697	CG	142	307	33	172	395	33
chr20	58888708	CG	133	286	33	163	397	33
chr20	58888712	CG	142	301	33	159	399	34
chr20	58888720	CG	152	313	33	165	409	33
chr20	58888728	CG	154	312	33	168	404	33
chr20	58888732	CG	158	315	33	163	401	33
chr20	58888736	CG	153	298	33	165	397	33
chr20	58888739	CG	152	289	33	166	391	33
chr20	58888750	CG	148	286	33	163	372	33
chr20	58888756	CG	139	290	33	168	366	33
chr20	58888776	CG	107	253	33	156	354	33
chr20	58888779	CG	99	223	33	161	354	33
chr20	58888783	CG	110	234	33	169	360	33
chr20	58888785	CG	117	248	33	171	363	33
chr20	58888787	CG	104	247	33	173	368	33
chr20	58888790	CG	98	237	33	163	354	33
chr20	58888801	CG	106	200	33	138	329	33
chr20	58888828	CG	190	351	33	131	347	33
chr20	58888845	CG	183	346	33	144	364	33
chr20	58888848	CG	185	342	33	150	364	33
chr20	58888851	CG	187	349	33	147	371	33
chr20	58888854	CG	182	348	33	157	374	33
chr20	58888867	CG	159	322	33	150	366	33
chr20	58888870	CG	164	318	33	150	358	33
chr20	58888892	CG	161	323	33	151	346	33
chr20	58888919	CG	167	354	33	170	347	33
chr20	58888929	CG	175	364	34	173	342	33
chr20	58888936	CG	176	382	33	161	320	33
chr20	58888945	CG	180	379	33	148	289	33
chr20	58888947	CG	177	380	33	148	293	33
chr20	58888951	CG	191	413	33	140	299	33
chr20	58888953	CG	201	411	33	144	258	33
chr20	58888960	CG	204	419	33	128	237	33
chr20	58888966	CG	190	419	33	121	255	33
chr20	58888968	CG	179	409	33	103	251	33
chr20	58888975	CG	193	412	33	105	242	33
chr20	58888977	CG	194	404	33	100	245	33
chr20	58888983	CG	198	410	33	99	247	33
chr20	58888990	CG	201	417	33	101	255	33
chr20	58888994	CG	208	424	33	114	263	33
chr20	58888996	CG	173	415	33	103	280	33
chr20	58888998	CG	204	415	33	116	281	33
chr20	58889004	CG	207	412	33	132	311	33
chr20	58889010	CG	193	431	33	126	302	33
chr20	58889030	CG	204	426	33	140	311	33
chr20	58889032	CG	208	439	33	146	318	33
chr20	58889035	CG	215	441	33	140	313	33
chr20	58889050	CG	204	434	33	142	308	33
chr20	58889056	CG	185	423	33	143	314	33
chr20	58889064	CG	181	418	33	132	295	33
chr20	58889072	CG	157	386	33	137	296	33
chr20	58889074	CG	170	378	33	133	282	33
chr20	58889085	CG	145	365	33	124	285	33
chr20	58889099	CG	140	372	33	113	270	33
chr20	58889112	CG	148	389	33	115	275	33
chr20	58889134	CG	164	383	33	132	293	33
chr20	58889140	CG	173	397	33	132	310	33
chr20	58889146	CG	186	411	33	142	317	33
chr20	58889166	CG	177	393	33	170	340	33
chr20	58889169	CG	187	390	33	166	343	33
chr20	58889183	CG	192	405	33	161	328	33
chr20	58889185	CG	193	404	33	160	330	33
chr20	58889188	CG	200	414	33	160	327	33
chr20	58889194	CG	204	421	33	159	336	33
chr20	58889196	CG	204	420	33	152	329	33
chr20	58889201	CG	207	423	33	157	319	33
chr20	58889208	CG	211	414	33	142	307	33
chr20	58889223	CG	195	413	33	146	317	33
chr20	58889226	CG	197	414	33	147	308	33
chr20	58889228	CG	184	394	33	155	324	33
chr20	58889231	CG	197	410	33	165	322	33
chr20	58889252	CG	138	363	33	184	355	33
chr20	58889259	CG	166	378	33	183	380	33
chr20	58889262	CG	176	383	33	180	370	33
chr20	58889264	CG	182	388	33	181	378	33
chr20	58889267	CG	177	383	33	191	392	33
chr20	58889276	CG	185	419	33	194	414	33
chr20	58889289	CG	178	420	33	186	408	33
chr20	58889292	CG	166	405	33	181	393	33
chr20	58889294	CG	169	392	33	167	387	33
chr20	58889299	CG	171	396	33	175	399	33
chr20	58889302	CG	177	410	33	180	401	33
chr20	58889305	CG	185	413	33	185	407	33
chr20	58889309	CG	186	424	33	190	410	33
chr20	58889313	CG	180	427	33	190	406	33
chr20	58889320	CG	184	427	33	194	406	33
chr20	58889330	CG	180	426	33	185	389	33
chr20	58889360	CG	182	431	33	183	395	33
chr20	58889367	CG	177	410	33	191	398	33
chr20	58889370	CG	182	423	33	186	405	33
chr20	58889380	CG	165	406	33	187	396	33
chr20	58889382	CG	167	409	33	177	400	33
chr20	58889390	CG	172	405	33	177	402	33
chr20	58889395	CG	166	385	33	184	410	33
chr20	58889399	CG	166	386	33	178	421	33
chr20	58889402	CG	171	385	33	184	429	33
chr20	58889415	CG	168	411	33	199	458	33
chr20	58889418	CG	179	417	33	189	444	33
chr20	58889424	CG	169	408	33	171	426	33
chr20	58889440	CG	166	382	33	205	455	33
chr20	58889444	CG	159	395	33	205	450	33
chr20	58889448	CG	172	400	33	206	448	33
chr20	58889451	CG	161	395	33	211	463	33
chr20	58889464	CG	149	371	33	194	420	33
chr20	58889469	CG	152	367	33	193	408	33
chr20	58889475	CG	144	359	33	195	405	33
chr20	58889516	CG	117	269	33	184	398	33
chr20	58889541	CG	179	373	33	177	386	33
chr20	58889570	CG	183	348	33	151	333	33
chr20	58889572	CG	179	348	33	153	317	33
chr20	58889625	CG	193	441	33	197	355	33
chr20	58889667	CG	181	413	33	171	383	33
chr20	58889687	CG	177	354	33	190	388	33
chr20	58889718	CG	174	384	33	193	429	33
chr20	58889725	CG	191	406	33	198	439	33
chr20	58889733	CG	193	415	33	195	443	33
chr20	58889735	CG	202	423	33	194	435	33
chr20	58889740	CG	215	436	33	179	414	33
chr20	58889742	CG	210	436	33	192	444	33
chr20	58889748	CG	225	462	33	202	433	33
chr20	58889756	CG	226	452	33	198	425	33
chr20	58889758	CG	228	453	33	204	439	33
chr20	58889761	CG	229	459	33	201	440	33
chr20	58889768	CG	221	454	33	214	453	33
chr20	58889783	CG	214	438	33	221	463	33
chr20	58889788	CG	216	435	33	217	465	33
chr20	58889793	CG	219	445	33	219	455	33
chr20	58889797	CG	212	442	33	217	450	33
chr20	58889804	CG	209	424	33	210	439	33
chr20	58889813	CG	192	420	33	215	453	33
chr20	58889819	CG	191	406	33	213	432	33
chr20	58889838	CG	188	400	33	203	411	33
chr20	58889847	CG	198	407	33	203	401	33
chr20	58889849	CG	195	405	33	201	405	33
chr20	58889854	CG	192	400	33	194	402	33
chr20	58889863	CG	206	409	33	186	396	33
chr20	58889872	CG	190	392	33	174	389	33
chr20	58889911	CG	217	460	33	120	343	33
chr20	58889915	CG	218	467	33	122	342	33
chr20	58889918	CG	229	479	33	116	343	33
chr20	58889925	CG	244	479	33	121	348	33
chr20	58889936	CG	238	465	33	142	334	33
chr20	58889940	CG	246	492	33	152	341	33
chr20	58889942	CG	246	493	33	155	351	33
chr20	58889945	CG	253	509	33	158	354	33
chr20	58889952	CG	257	500	33	178	382	33
chr20	58889964	CG	259	491	33	201	401	33
chr20	58889972	CG	252	490	33	197	408	33
chr20	58889975	CG	246	479	33	205	419	33
chr20	58889978	CG	242	480	33	197	411	33
chr20	58889984	CG	235	458	33	200	411	33
chr20	58889987	CG	230	462	33	195	401	33
chr20	58889994	CG	217	450	33	195	389	33
chr20	58889999	CG	205	424	33	189	391	33
chr20	58890008	CG	191	418	33	205	402	33
chr20	58890012	CG	180	411	33	201	392	33
chr20	58890014	CG	175	405	33	196	392	33
chr20	58890017	CG	177	409	33	197	396	33
chr20	58890019	CG	180	414	33	195	402	33
chr20	58890027	CG	199	415	33	204	397	33
chr20	58890036	CG	169	402	33	190	378	33
chr20	58890045	CG	156	383	33	189	373	33
chr20	58890047	CG	168	384	33	186	373	33
chr20	58890065	CG	170	375	33	163	339	33
chr20	58890068	CG	170	362	33	152	320	33
chr20	58890070	CG	170	362	33	156	325	33
chr20	58890077	CG	167	364	33	134	300	33
chr20	58890084	CG	144	339	33	130	278	33
chr20	58890109	CG	133	295	33	98	205	33
chr20	58890120	CG	123	283	33	65	163	33
chr20	58890145	CG	107	245	33	21	85	32
chr21	36692682	CG	14	71	34	9	48	33
chr21	36692699	CG	8	91	34	5	66	33
chr21	36692714	CG	38	108	33	26	74	33
chr21	36692720	CG	5	124	34	6	84	33
chr21	36692741	CG	1	145	34	7	100	33
chr21	36692762	CG	7	195	33	7	135	33
chr21	36692764	CG	24	198	33	16	140	33
chr21	36692797	CG	83	312	33	23	181	33
chr21	36692813	CG	39	377	33	21	228	33
chr21	36692828	CG	62	400	33	37	278	33
chr21	36692880	CG	13	359	33	14	462	33
chr21	36692884	CG	38	357	33	43	459	33
chr21	36692894	CG	14	368	33	20	453	33
chr21	36692904	CG	16	351	33	25	423	33
chr21	36692908	CG	47	351	33	45	404	33
chr21	36692915	CG	0	372	33	3	398	33
chr21	36692917	CG	5	367	33	12	400	33
chr21	36692944	CG	12	355	33	7	343	33
chr21	36692946	CG	0	354	33	1	343	33
chr21	36692948	CG	7	317	33	15	348	33
chr21	36692974	CG	26	349	33	19	361	33
chr21	36692982	CG	17	420	33	8	347	33
chr21	36692990	CG	28	463	33	16	354	33
chr21	36693031	CG	41	432	33	59	382	33
chr21	36693051	CG	5	407	33	8	412	33
chr21	36693055	CG	59	408	33	50	420	33
chr21	36693057	CG	7	403	33	7	417	33
chr21	36693059	CG	14	398	33	10	422	33
chr21	36693086	CG	79	394	33	68	426	33
chr21	36693104	CG	14	367	33	20	441	33
chr21	36693119	CG	14	386	33	14	453	33
chr21	36693126	CG	19	392	33	14	464	33
chr21	36693131	CG	1	407	33	1	475	33
chr21	36693155	CG	8	416	33	10	449	33
chr21	36693157	CG	13	414	33	13	453	33
chr21	36693166	CG	3	420	33	2	465	33
chr21	36693184	CG	9	402	33	5	469	33
chr21	36693186	CG	7	377	33	3	482	33
chr21	36693191	CG	7	383	33	4	474	33
chr21	36693196	CG	3	381	33	3	489	33
chr21	36693199	CG	7	384	33	4	484	33
chr21	36693203	CG	4	398	33	2	484	33
chr21	36693214	CG	2	392	33	7	482	33
chr21	36693224	CG	20	372	33	42	452	33
chr21	36693243	CG	3	321	33	6	421	33
chr21	36693255	CG	8	313	33	6	402	33
chr21	36693257	CG	10	318	33	17	397	33
chr21	36693261	CG	22	294	33	26	389	33
chr21	36693267	CG	5	299	33	7	396	33
chr21	36693275	CG	13	309	33	30	411	33
chr21	36693277	CG	12	306	33	21	411	33
chr21	36693292	CG	11	316	33	20	387	33
chr21	36693294	CG	12	312	33	16	385	33
chr21	36693316	CG	8	343	33	7	402	33
chr21	36693337	CG	2	381	33	4	403	33
chr21	36693340	CG	6	380	33	6	386	33
chr21	36693350	CG	3	388	33	0	396	33
chr21	36693364	CG	0	409	33	1	393	33
chr21	36693377	CG	6	379	33	7	372	33
chr21	36693398	CG	4	352	33	1	345	33
chr21	36693402	CG	13	365	33	6	353	33
chr21	36693423	CG	76	364	33	66	347	33
chr21	36693441	CG	23	412	33	28	365	33
chr21	36693443	CG	11	417	33	13	372	33
chr21	36693447	CG	47	411	33	27	374	33
chr21	36693453	CG	23	439	33	15	379	33
chr21	36693464	CG	20	404	33	18	370	33
chr21	36693500	CG	18	393	33	17	392	33
chr21	36693513	CG	3	334	33	6	391	33
chr21	36693518	CG	0	341	33	3	402	33
chr21	36693530	CG	1	325	33	7	367	33
chr21	36693544	CG	5	233	33	7	300	33
chr21	36693571	CG	8	345	33	9	427	33
chr21	36693580	CG	51	378	33	73	442	33
chr21	36693584	CG	9	388	33	14	466	33
chr21	36693587	CG	10	388	33	24	472	33
chr21	36693595	CG	44	405	33	49	488	33
chr21	36693598	CG	60	406	33	59	473	33
chr21	36693601	CG	29	408	33	35	477	33
chr21	36693618	CG	79	382	33	115	492	33
chr21	36693625	CG	174	356	33	241	485	33
chr21	36693629	CG	85	375	33	99	494	33
chr21	36693636	CG	58	381	33	63	496	33
chr21	36693638	CG	56	380	33	61	487	33
chr21	36693641	CG	159	373	33	215	480	33
chr21	36693655	CG	16	379	33	22	494	33
chr21	36693671	CG	9	359	33	16	409	33
chr21	36693680	CG	21	342	33	25	387	33
chr21	36693715	CG	11	265	33	36	477	33
chr21	36693747	CG	5	293	33	7	401	33
chr21	36693789	CG	44	387	33	62	475	33
chr21	36693793	CG	27	388	33	24	579	33
chr21	36693798	CG	31	399	33	43	634	33
chr21	36693812	CG	15	397	33	41	617	33
chr21	36693816	CG	14	420	33	19	696	33
chr21	36693833	CG	13	367	33	17	498	33
chr21	36693835	CG	15	366	33	26	482	33
chr21	36693840	CG	19	370	33	16	505	33
chr21	36693866	CG	10	340	33	8	502	33
chr21	36693873	CG	14	332	33	16	541	33
chr21	36693881	CG	19	313	33	55	548	33
chr21	36693884	CG	0	317	33	4	535	33
chr21	36693928	CG	4	237	33	5	331	33
chr21	36693942	CG	7	206	34	7	250	33
chr21	36693973	CG	16	130	33	22	192	33
chr21	36693982	CG	11	108	33	14	165	34
chr21	36694024	CG	0	56	34	0	78	33
chr21	36704305	CG	2	72	33	0	57	33
chr21	36704335	CG	4	100	34	6	122	34
chr21	36704365	CG	3	157	34	1	189	33
chr21	36704384	CG	11	195	33	9	235	33
chr21	36704400	CG	7	230	33	10	272	33
chr21	36704409	CG	3	272	33	4	288	33
chr21	36704463	CG	3	429	33	3	280	33
chr21	36704469	CG	4	406	33	4	302	33
chr21	36704485	CG	3	409	33	2	339	33
chr21	36704508	CG	0	407	33	0	398	33
chr21	36704529	CG	1	450	33	3	402	33
chr21	36704538	CG	1	436	33	2	408	33
chr21	36704551	CG	14	494	33	9	375	33
chr21	36704553	CG	8	501	33	5	365	33
chr21	36704555	CG	15	498	33	5	357	33
chr21	36704569	CG	8	506	33	6	354	33
chr21	36704571	CG	6	496	33	3	365	33
chr21	36704606	CG	2	517	33	1	340	33
chr21	36704611	CG	14	508	33	8	358	33
chr21	36704626	CG	5	531	33	2	383	33
chr21	36704630	CG	5	532	33	3	391	33
chr21	36704643	CG	1	525	33	1	394	33
chr21	36704645	CG	1	518	33	3	398	33
chr21	36704652	CG	3	498	33	3	399	33
chr21	36704673	CG	7	510	33	7	422	33
chr21	36704676	CG	6	504	33	7	427	33
chr21	36704680	CG	9	508	33	20	438	33
chr21	36704697	CG	14	474	33	9	415	33
chr21	36704701	CG	0	484	33	6	428	33
chr21	36704716	CG	3	461	33	3	430	33
chr21	36704742	CG	30	403	33	26	417	33
chr21	36704753	CG	6	411	33	9	452	33
chr21	36704755	CG	2	411	33	8	457	33
chr21	36704759	CG	13	410	33	13	438	33
chr21	36704767	CG	18	388	33	5	436	33
chr21	36704806	CG	5	314	33	2	406	33
chr21	36704810	CG	1	303	33	2	405	33
chr21	36704812	CG	6	305	33	4	415	33
chr21	36704830	CG	4	320	33	6	415	33
chr21	36704838	CG	3	343	33	3	365	33
chr21	36704857	CG	9	319	33	4	357	33
chr21	36704879	CG	19	370	33	26	324	33
chr21	36704888	CG	44	384	33	54	357	33
chr21	36704906	CG	8	386	33	12	346	33
chr21	36704917	CG	8	373	33	8	354	33
chr21	36704926	CG	16	361	33	15	351	33
chr21	36704929	CG	16	341	33	13	342	33
chr21	36704931	CG	10	346	33	16	358	33
chr21	36704948	CG	29	331	33	36	332	33
chr21	36704958	CG	35	330	33	32	334	33
chr21	36704970	CG	30	340	33	21	346	33
chr21	36705047	CG	28	347	33	27	399	33
chr21	36705076	CG	33	329	33	56	423	33
chr21	36705094	CG	17	362	33	13	415	33
chr21	36705097	CG	20	369	33	20	411	33
chr21	36705132	CG	12	407	33	11	352	33
chr21	36705148	CG	4	410	33	6	363	33
chr21	36705155	CG	7	422	33	9	378	33
chr21	36705173	CG	6	409	33	3	384	33
chr21	36705176	CG	3	404	33	4	392	33
chr21	36705182	CG	5	420	33	0	408	33
chr21	36705191	CG	49	418	33	27	420	33
chr21	36705210	CG	17	420	33	6	404	33
chr21	36705212	CG	11	410	33	9	396	33
chr21	36705245	CG	33	401	33	18	346	33
chr21	36705259	CG	160	395	33	125	365	33
chr21	36705272	CG	15	373	33	9	355	33
chr21	36705292	CG	44	293	33	46	348	33
chr21	36705297	CG	5	265	33	10	362	33
chr21	36705318	CG	2	284	33	2	327	33
chr21	36705335	CG	7	317	33	10	275	33
chr21	36705365	CG	0	366	33	5	325	33
chr21	36705371	CG	0	358	33	3	331	33
chr21	36705373	CG	7	348	33	3	332	33
chr21	36705376	CG	0	361	33	0	327	33
chr21	36705384	CG	7	338	33	5	320	33
chr21	36705435	CG	10	241	32	3	177	33
chr21	36705461	CG	11	262	32	2	115	32
chr21	36705517	CG	5	164	33	1	85	34
chr21	36705535	CG	6	157	34	1	60	33
chr21	36705545	CG	5	140	33	2	55	34
chr21	36705547	CG	5	137	33	4	53	34
chr21	36705551	CG	4	135	33	3	48	34
chr21	36747384	CG	8	163	33	2	145	33
chr21	36747424	CG	0	173	34	1	139	33
chr21	36747469	CG	2	307	33	4	230	34
chr21	36747471	CG	3	311	33	2	240	34
chr21	36747493	CG	4	317	33	4	286	33
chr21	36747495	CG	4	313	33	8	292	33
chr21	36747515	CG	1	316	33	2	344	33
chr21	36747530	CG	6	310	33	6	381	33
chr21	36747540	CG	4	356	33	1	384	33
chr21	36747546	CG	0	393	33	0	400	33
chr21	36747552	CG	0	394	33	0	398	33
chr21	36747554	CG	0	393	33	0	398	33
chr21	36747563	CG	1	398	33	1	402	33
chr21	36747565	CG	0	402	33	1	405	33
chr21	36747571	CG	3	393	33	0	411	33
chr21	36747575	CG	2	401	33	1	412	33
chr21	36747591	CG	1	390	33	1	388	33
chr21	36747595	CG	2	369	33	1	390	33
chr21	36747619	CG	1	347	33	1	423	33
chr21	36747623	CG	1	368	33	2	421	33
chr21	36747625	CG	1	366	33	3	425	33
chr21	36747645	CG	0	398	33	0	429	33
chr21	36747650	CG	0	397	33	1	458	33
chr21	36747660	CG	2	378	33	1	469	33
chr21	36747665	CG	0	390	33	4	477	33
chr21	36747669	CG	5	404	33	2	462	33
chr21	36747672	CG	6	388	33	2	468	33
chr21	36747675	CG	5	391	33	5	461	33
chr21	36747678	CG	1	391	33	1	474	33
chr21	36747682	CG	0	391	33	2	468	33
chr21	36747690	CG	1	405	33	2	466	33
chr21	36747693	CG	0	395	33	2	476	33
chr21	36747702	CG	1	396	33	1	462	33
chr21	36747704	CG	2	384	33	4	460	33
chr21	36747710	CG	1	373	33	0	460	33
chr21	36747719	CG	2	374	33	1	452	33
chr21	36747726	CG	1	373	33	3	444	33
chr21	36747736	CG	0	374	33	1	441	33
chr21	36747738	CG	1	373	33	2	450	33
chr21	36747747	CG	0	366	33	3	449	33
chr21	36747749	CG	0	361	33	5	447	33
chr21	36747758	CG	1	361	33	1	459	33
chr21	36747768	CG	0	380	33	1	454	33
chr21	36747772	CG	1	384	33	4	465	33
chr21	36747780	CG	1	403	33	1	472	33
chr21	36747784	CG	0	405	33	0	478	33
chr21	36747789	CG	0	402	33	1	482	33
chr21	36747794	CG	0	395	33	3	487	33
chr21	36747796	CG	0	406	33	1	492	33
chr21	36747803	CG	1	404	33	2	496	33
chr21	36747811	CG	3	413	33	1	499	33
chr21	36747813	CG	1	410	33	2	487	33
chr21	36747815	CG	1	408	33	1	490	33
chr21	36747822	CG	0	422	33	0	508	33
chr21	36747831	CG	3	400	33	2	489	33
chr21	36747833	CG	2	398	33	1	474	33
chr21	36747839	CG	0	391	33	0	486	33
chr21	36747846	CG	0	370	34	0	474	33
chr21	36747854	CG	1	385	33	1	488	33
chr21	36747858	CG	3	365	33	1	474	33
chr21	36747860	CG	2	357	33	2	473	33
chr21	36747863	CG	2	367	33	0	481	33
chr21	36747866	CG	1	363	33	0	448	33
chr21	36747879	CG	1	365	33	2	488	33
chr21	36747898	CG	0	382	33	0	494	33
chr21	36747900	CG	0	379	33	2	491	33
chr21	36747910	CG	0	389	33	1	481	33
chr21	36747913	CG	0	388	33	2	476	33
chr21	36747915	CG	0	390	33	0	487	33
chr21	36747920	CG	0	399	33	1	491	33
chr21	36747930	CG	0	387	33	0	465	33
chr21	36747933	CG	0	383	33	0	460	33
chr21	36747939	CG	0	383	33	3	447	34
chr21	36747942	CG	1	378	33	4	432	33
chr21	36747948	CG	1	383	33	3	431	33
chr21	36747960	CG	0	380	33	3	443	33
chr21	36747966	CG	0	372	33	0	450	33
chr21	36747969	CG	0	371	33	0	473	33
chr21	36747975	CG	0	374	34	1	480	33
chr21	36747980	CG	3	365	33	4	471	33
chr21	36747983	CG	2	364	33	2	458	33
chr21	36747987	CG	0	369	33	3	480	33
chr21	36747990	CG	2	371	33	2	484	33
chr21	36747992	CG	0	366	33	2	483	33
chr21	36747997	CG	0	373	33	2	496	33
chr21	36748003	CG	0	382	33	3	493	33
chr21	36748010	CG	0	376	33	1	513	33
chr21	36748017	CG	0	370	33	5	499	33
chr21	36748020	CG	3	365	33	2	508	33
chr21	36748031	CG	4	355	33	5	472	33
chr21	36748035	CG	1	372	33	1	486	33
chr21	36748038	CG	3	366	33	5	492	33
chr21	36748040	CG	3	368	33	2	485	33
chr21	36748049	CG	6	373	33	4	482	33
chr21	36748062	CG	4	370	33	1	409	33
chr21	36748067	CG	4	375	33	1	437	33
chr21	36748083	CG	0	364	33	1	436	33
chr21	36748095	CG	1	335	33	6	425	33
chr21	36748102	CG	2	337	33	2	435	33
chr21	36748106	CG	0	357	33	2	429	33
chr21	36748108	CG	1	345	33	0	436	33
chr21	36748125	CG	1	346	33	1	473	33
chr21	36748133	CG	1	365	33	1	459	33
chr21	36748141	CG	3	388	33	1	459	33
chr21	36748144	CG	1	385	33	2	447	33
chr21	36748150	CG	0	374	33	3	433	33
chr21	36748156	CG	2	388	33	2	437	33
chr21	36748165	CG	3	387	33	4	425	33
chr21	36748169	CG	0	390	33	1	416	33
chr21	36748214	CG	1	374	33	7	411	33
chr21	36748217	CG	3	380	33	7	413	33
chr21	36748220	CG	5	383	33	4	425	33
chr21	36748227	CG	9	394	33	7	441	33
chr21	36748238	CG	11	424	33	10	459	33
chr21	36748240	CG	10	421	33	7	461	33
chr21	36748249	CG	0	416	33	8	471	33
chr21	36748251	CG	6	406	33	4	476	33
chr21	36748253	CG	4	396	33	8	488	33
chr21	36748256	CG	5	414	33	8	484	33
chr21	36748262	CG	2	418	33	4	461	33
chr21	36748269	CG	3	415	33	4	446	33
chr21	36748276	CG	22	394	33	20	448	33
chr21	36748280	CG	6	408	33	5	442	33
chr21	36748286	CG	13	396	33	10	432	33
chr21	36748298	CG	46	394	33	49	402	33
chr21	36748302	CG	22	396	33	19	392	33
chr21	36748315	CG	11	426	33	7	383	33
chr21	36748322	CG	11	418	33	6	407	33
chr21	36748327	CG	8	427	33	10	411	33
chr21	36748367	CG	19	336	33	29	386	33
chr21	36748376	CG	36	324	33	47	379	33
chr21	36748378	CG	52	311	33	70	379	33
chr21	36748397	CG	13	289	33	14	385	33
chr21	36748413	CG	58	295	33	86	397	33
chr21	36748429	CG	101	288	33	150	412	33
chr21	36748440	CG	162	269	33	264	419	33
chr21	36748488	CG	250	278	33	300	318	33
chr21	36748504	CG	171	266	33	142	253	33
chr21	36748523	CG	149	231	33	146	220	33
chr21	36748534	CG	134	198	33	144	196	33
chr21	39385391	CG	75	76	33	56	61	33
chr21	39385405	CG	72	72	33	74	80	33
chr21	39385410	CG	93	93	33	82	93	33
chr21	39385446	CG	135	146	33	125	142	33
chr21	39385457	CG	161	164	33	137	156	33
chr21	39385480	CG	165	175	33	166	172	33
chr21	39385505	CG	243	253	33	228	250	33
chr21	39385511	CG	294	308	33	251	265	33
chr21	39385525	CG	359	367	33	275	286	33
chr21	39385584	CG	318	360	33	224	258	33
chr21	39385600	CG	288	375	33	204	290	33
chr21	39385616	CG	309	432	33	205	290	33
chr21	39385638	CG	346	444	33	239	318	33
chr21	39385658	CG	377	478	33	255	338	33
chr21	39385677	CG	328	434	33	265	378	33
chr21	39385681	CG	283	433	33	226	376	33
chr21	39385692	CG	328	442	33	279	390	33
chr21	39385698	CG	307	430	33	281	413	33
chr21	39385701	CG	292	412	33	263	408	33
chr21	39385714	CG	279	436	33	242	438	33
chr21	39385727	CG	259	425	33	234	439	33
chr21	39385747	CG	315	436	33	302	457	33
chr21	39385765	CG	275	425	33	266	440	33
chr21	39385767	CG	279	426	33	245	441	33
chr21	39385769	CG	281	429	33	254	449	33
chr21	39385791	CG	263	416	33	278	469	33
chr21	39385795	CG	257	420	33	269	479	33
chr21	39385824	CG	231	398	33	242	463	33
chr21	39385839	CG	224	391	33	234	428	33
chr21	39385846	CG	220	389	33	234	445	33
chr21	39385857	CG	205	376	33	215	404	33
chr21	39385863	CG	218	383	33	210	402	33
chr21	39385877	CG	222	398	33	215	405	33
chr21	39385879	CG	214	397	33	202	404	33
chr21	39385901	CG	215	400	33	212	395	33
chr21	39385918	CG	239	441	33	210	395	33
chr21	39385932	CG	222	417	33	212	392	33
chr21	39385951	CG	196	411	33	197	385	33
chr21	39385960	CG	181	409	33	185	386	33
chr21	39385967	CG	197	411	33	203	398	33
chr21	39385973	CG	200	424	33	191	383	33
chr21	39386006	CG	209	442	33	199	382	33
chr21	39386022	CG	203	400	33	177	355	33
chr21	39386028	CG	197	403	33	170	322	33
chr21	39386053	CG	131	294	33	155	304	33
chr21	39386078	CG	156	321	33	172	334	33
chr21	39386100	CG	187	347	33	181	316	33
chr21	39386105	CG	194	362	33	175	314	33
chr21	39386197	CG	103	271	33	96	290	33
chr21	39386256	CG	185	321	33	226	362	33
chr21	39386282	CG	94	288	33	99	338	33
chr21	39386349	CG	200	327	33	175	299	33
chr21	39386397	CG	317	335	33	250	272	33
chr21	39386399	CG	318	330	33	250	265	33
chr21	39386412	CG	292	311	33	203	217	33
chr21	39386420	CG	279	293	33	168	190	33
chr21	39386445	CG	173	255	33	95	151	33
chr21	39386493	CG	149	170	33	109	118	33
chr21	39386501	CG	137	160	33	94	109	33
chr21	39386510	CG	104	131	33	62	89	33
chr21	39386526	CG	79	100	33	60	78	33
chr21	40841315	CG	31	64	33	50	86	33
chr21	40841332	CG	46	73	33	61	104	33
chr21	40841385	CG	66	114	33	85	145	33
chr21	40841467	CG	284	354	33	163	215	33
chr21	40841469	CG	289	360	33	161	227	33
chr21	40841585	CG	10	422	33	4	273	33
chr21	40841591	CG	9	424	33	0	305	33
chr21	40841605	CG	20	415	33	15	353	33
chr21	40841622	CG	32	416	33	30	376	33
chr21	40841630	CG	33	423	33	20	359	33
chr21	40841636	CG	22	423	33	24	362	33
chr21	40841672	CG	21	424	33	19	374	33
chr21	40841675	CG	19	422	33	15	388	33
chr21	40841713	CG	19	375	33	10	406	33
chr21	40841715	CG	11	373	33	10	424	33
chr21	40841727	CG	4	358	33	7	401	33
chr21	40841742	CG	9	359	33	4	386	33
chr21	40841747	CG	2	192	33	1	372	33
chr21	40841749	CG	9	367	33	3	363	33
chr21	40841751	CG	9	365	33	9	374	33
chr21	40841756	CG	11	370	33	6	386	33
chr21	40841759	CG	15	381	33	11	378	33
chr21	40841770	CG	13	386	33	5	352	33
chr21	40841772	CG	8	379	33	4	351	33
chr21	40841807	CG	11	389	33	8	352	33
chr21	40841813	CG	6	363	33	6	347	33
chr21	40841820	CG	4	368	33	4	347	33
chr21	40841882	CG	9	341	33	8	332	33
chr21	40841890	CG	23	357	33	16	331	33
chr21	40841924	CG	14	408	33	6	352	33
chr21	40841935	CG	15	396	33	12	333	33
chr21	40841949	CG	21	390	33	8	328	33
chr21	40841963	CG	17	375	33	9	294	33
chr21	40841972	CG	17	362	33	9	297	33
chr21	40841975	CG	12	356	33	2	286	33
chr21	40841978	CG	14	354	33	9	275	33
chr21	40841989	CG	15	357	33	8	278	33
chr21	40842008	CG	13	360	33	6	297	33
chr21	40842019	CG	15	360	33	4	300	33
chr21	40842067	CG	2	376	33	3	339	33
chr21	40842073	CG	9	354	33	8	323	33
chr21	40842129	CG	4	358	33	5	331	33
chr21	40842149	CG	8	355	33	5	359	33
chr21	40842161	CG	11	353	33	15	370	33
chr21	40842206	CG	52	350	33	67	419	33
chr21	40842223	CG	17	343	33	32	421	33
chr21	40842235	CG	76	354	33	82	418	33
chr21	40842260	CG	27	364	33	28	367	33
chr21	40842262	CG	54	360	33	53	372	33
chr21	40842319	CG	164	274	33	152	247	33
chr21	40842330	CG	129	232	34	139	233	33
chr21	40842339	CG	145	196	33	169	211	33
chr21	40842354	CG	138	169	33	151	171	33
chr22	41681734	CG	74	101	33	66	93	33
chr22	41681738	CG	105	114	33	84	96	33
chr22	41681740	CG	115	122	33	89	100	33
chr22	41681750	CG	107	133	33	87	105	33
chr22	41681770	CG	87	142	33	79	136	33
chr22	41681781	CG	118	177	33	106	152	33
chr22	41681806	CG	123	189	33	117	191	33
chr22	41681822	CG	131	230	33	127	212	33
chr22	41681831	CG	137	234	33	131	220	33
chr22	41681847	CG	123	225	33	117	233	33
chr22	41681853	CG	0	213	33	0	230	33
chr22	41681861	CG	123	205	33	125	223	33
chr22	41681869	CG	120	222	33	108	200	33
chr22	41681935	CG	140	204	33	205	289	33
chr22	41682057	CG	142	271	33	148	288	33
chr22	41682070	CG	149	271	33	150	282	33
chr22	41682076	CG	140	273	33	156	297	33
chr22	41682085	CG	142	270	33	164	304	33
chr22	41682089	CG	148	277	33	165	298	33
chr22	41682094	CG	154	291	33	160	297	33
chr22	41682096	CG	156	295	33	155	300	33
chr22	41682110	CG	140	266	33	151	284	33
chr22	41682127	CG	159	303	33	146	285	33
chr22	41682155	CG	154	321	33	147	304	33
chr22	41682162	CG	157	316	33	139	301	33
chr22	41682171	CG	156	325	33	149	316	33
chr22	41682204	CG	184	374	33	163	353	33
chr22	41682213	CG	194	387	33	168	374	33
chr22	41682228	CG	192	371	33	178	403	33
chr22	41682234	CG	190	372	33	183	401	33
chr22	41682236	CG	197	364	33	184	402	33
chr22	41682258	CG	131	321	33	192	467	33
chr22	41682285	CG	165	317	33	198	459	33
chr22	41682293	CG	183	340	33	195	434	33
chr22	41682297	CG	180	342	33	193	431	33
chr22	41682299	CG	177	339	33	194	430	33
chr22	41682314	CG	167	322	33	165	384	33
chr22	41682326	CG	164	322	33	157	363	33
chr22	41682361	CG	165	324	33	182	375	33
chr22	41682384	CG	158	340	33	182	372	34
chr22	41682391	CG	160	346	33	182	366	33
chr22	41682393	CG	177	353	33	177	360	33
chr22	41682404	CG	197	379	33	168	341	33
chr22	41682406	CG	198	363	33	166	341	33
chr22	41682411	CG	197	374	33	164	338	33
chr22	41682420	CG	190	399	33	152	329	33
chr22	41682438	CG	167	399	33	150	380	33
chr22	41682448	CG	180	414	33	132	364	33
chr22	41682457	CG	183	392	33	149	354	33
chr22	41682479	CG	154	347	33	174	369	33
chr22	41682488	CG	116	333	33	119	343	33
chr22	41682494	CG	130	314	33	146	338	33
chr22	41682503	CG	84	300	33	73	336	33
chr22	41682518	CG	66	277	33	83	335	33
chr22	41682530	CG	114	281	33	139	336	33
chr22	41682544	CG	128	288	33	133	290	33
chr22	41682563	CG	144	296	33	105	226	33
chr22	41682703	CG	65	130	33	148	257	33
chr22	41682719	CG	63	142	33	141	253	33
chr22	41682741	CG	58	139	33	143	250	33
chr22	41682743	CG	58	136	33	136	258	33
chr22	41682749	CG	62	152	33	145	271	33
chr22	41682797	CG	119	241	33	135	236	33
chr22	41682805	CG	116	238	33	119	205	33
chr22	41682809	CG	119	246	33	115	194	33
chr22	41682837	CG	72	146	33	76	125	33
chr22	41682868	CG	43	68	34	71	87	33
chrX	119542456	CG	.	.	.	84	104	33
chrX	119542543	CG	.	.	.	162	167	33
chrX	119542578	CG	.	.	.	136	152	33
chrX	119542624	CG	2	2	34	111	117	34
chrX	119544389	CG	0	2	34	108	135	33
chrX	119544479	CG	1	1	34	100	110	33
chrX	119560271	CG	78	84	33	69	75	33
chrX	119560340	CG	132	139	33	123	131	33
chrX	119560346	CG	138	139	34	128	130	33
chrX	119560352	CG	138	141	33	123	127	33
chrX	119565185	CG	19	48	33	19	66	34
chrX	119565206	CG	17	63	33	15	69	33
chrX	119565212	CG	18	74	33	16	80	34
chrX	119565221	CG	30	81	33	36	89	34
chrX	119565253	CG	41	110	33	38	118	33
chrX	119565286	CG	20	161	33	16	157	33
chrX	119565289	CG	72	173	33	62	170	33
chrX	119565292	CG	15	183	33	12	176	33
chrX	119565306	CG	55	184	33	58	194	33
chrX	119565312	CG	43	186	33	57	208	33
chrX	119565336	CG	59	150	33	72	173	33
chrX	119565350	CG	54	120	34	61	146	33
chrX	119565384	CG	33	103	33	36	119	33
chrX	119565399	CG	6	100	33	9	110	33
chrX	119565404	CG	30	99	33	30	106	33
chrX	119565412	CG	9	80	32	8	99	33
chrX	119565417	CG	20	82	33	15	95	33
chrX	119565423	CG	21	69	33	18	94	33
chrX	119565449	CG	15	44	33	21	66	34
chr22_KI270733v1_random	173215	CG	9	47	33	11	58	33
chr22_KI270733v1_random	173217	CG	11	47	32	16	59	33
chr22_KI270733v1_random	173220	CG	8	45	32	6	56	33
chr22_KI270733v1_random	173236	CG	13	47	33	15	64	33
chrUn_KI270467v1	1287	CG	1	23	33	0	99	33
chrUn_KI270438v1	104018	CG	91	103	33	15	23	33
chrUn_KI270438v1	104063	CG	44	79	33	12	27	33
chrUn_KI270438v1	104163	CG	64	90	33	7	10	34
chrUn_KI270438v1	109406	CG	0	110	33	0	20	33
chrUn_KI270438v1	109462	CG	114	209	33	20	38	33
chrUn_KI270438v1	109602	CG	129	239	33	18	35	34
chrUn_KI270438v1	109632	CG	90	161	33	13	25	33
chrUn_KI270438v1	109797	CG	90	104	33	20	25	34
chrUn_KI270438v1	109812	CG	99	115	33	27	33	34
chrUn_KI270438v1	109827	CG	89	108	33	20	26	33
chrUn_KI270438v1	109842	CG	67	82	33	14	20	34
chrUn_KI270438v1	112134	CG	54	61	33	39	42	33
